# Blender 4.3.2
# www.blender.org
mtllib loja.mtl
o             _       
v -40.028603 0.000001 56.936150
v -40.028606 -0.000001 37.251099
v 7.215904 -0.000001 37.251091
v 7.215908 0.000001 56.936142
v -40.028603 12.501974 56.936146
v 7.215908 12.501974 56.936138
v 7.215904 12.501972 37.251091
v -40.028606 12.501972 37.251099
v 7.215908 0.000001 56.936142
v 7.215908 10.702718 56.936138
v -40.028603 10.702718 56.936146
v -40.028603 0.000001 56.936150
v 7.215904 -0.000001 37.251091
v 7.215904 10.702716 37.251091
v 7.215908 10.702718 56.936138
v 7.215908 0.000001 56.936142
v -40.028606 -0.000001 37.251099
v -40.028606 10.702716 37.251099
v 7.215904 10.702716 37.251091
v 7.215904 -0.000001 37.251091
v -40.028603 0.000001 56.936150
v -40.028603 10.702718 56.936146
v -40.028606 10.702716 37.251099
v -40.028606 -0.000001 37.251099
v 7.215908 12.501974 56.936138
v -40.028603 12.501974 56.936146
v -40.028603 10.963820 56.936146
v 7.215908 10.963820 56.936138
v 7.215904 12.501972 37.251091
v 7.215908 12.501974 56.936138
v 7.215908 10.963820 56.936138
v 7.215904 10.963819 37.251091
v -40.028606 12.501972 37.251099
v 7.215904 12.501972 37.251091
v 7.215904 10.963819 37.251091
v -40.028606 10.963819 37.251099
v -40.028603 12.501974 56.936146
v -40.028606 12.501972 37.251099
v -40.028606 10.963819 37.251099
v -40.028603 10.963820 56.936146
v 7.215908 10.702718 56.936138
v 5.284462 10.833269 55.004692
v -38.097157 10.833269 55.004700
v -40.028603 10.702718 56.936146
v 7.215904 10.702716 37.251091
v 5.284458 10.833267 39.182537
v 5.284462 10.833269 55.004692
v 7.215908 10.702718 56.936138
v -40.028606 10.702716 37.251099
v -38.097160 10.833267 39.182545
v 5.284458 10.833267 39.182537
v 7.215904 10.702716 37.251091
v -40.028603 10.702718 56.936146
v -38.097157 10.833269 55.004700
v -38.097160 10.833267 39.182545
v -40.028606 10.702716 37.251099
v -40.028603 10.963820 56.936146
v -38.097157 10.833269 55.004700
v 5.284462 10.833269 55.004692
v 7.215908 10.963820 56.936138
v 7.215908 10.963820 56.936138
v 5.284462 10.833269 55.004692
v 5.284458 10.833267 39.182537
v 7.215904 10.963819 37.251091
v 7.215904 10.963819 37.251091
v 5.284458 10.833267 39.182537
v -38.097160 10.833267 39.182545
v -40.028606 10.963819 37.251099
v -40.028606 10.963819 37.251099
v -38.097160 10.833267 39.182545
v -38.097157 10.833269 55.004700
v -40.028603 10.963820 56.936146
v -22.248241 10.582969 36.292500
v -22.248240 10.582970 38.114704
v -22.248240 0.031762 38.114704
v -22.248240 0.031762 36.292500
v -24.463623 10.582969 36.292500
v -24.463623 0.031762 36.292500
v -24.463621 0.031762 38.114704
v -24.463621 10.582970 38.114704
v -22.248241 10.582969 36.292500
v -22.248240 0.031762 36.292500
v -24.463623 0.031762 36.292500
v -24.463623 10.582969 36.292500
v -22.248240 0.031762 36.292500
v -22.248240 0.031762 38.114704
v -24.463621 0.031762 38.114704
v -24.463623 0.031762 36.292500
v -22.248240 10.582970 38.114704
v -22.248241 10.582969 36.292500
v -24.463623 10.582969 36.292500
v -24.463621 10.582970 38.114704
v -9.825871 10.582969 36.292496
v -9.825871 10.582970 38.114700
v -9.825871 0.031762 38.114700
v -9.825871 0.031762 36.292496
v -12.041252 10.582969 36.292496
v -12.041252 0.031762 36.292496
v -12.041252 0.031762 38.114700
v -12.041252 10.582970 38.114700
v -9.825871 10.582969 36.292496
v -9.825871 0.031762 36.292496
v -12.041252 0.031762 36.292496
v -12.041252 10.582969 36.292496
v -9.825871 0.031762 36.292496
v -9.825871 0.031762 38.114700
v -12.041252 0.031762 38.114700
v -12.041252 0.031762 36.292496
v -9.825871 10.582970 38.114700
v -9.825871 10.582969 36.292496
v -12.041252 10.582969 36.292496
v -12.041252 10.582970 38.114700
v -1.042147 13.123116 56.715744
v -1.042147 11.300910 56.715744
v -1.042150 11.300911 37.562729
v -1.042150 13.123116 37.562729
v -3.257528 13.123116 56.715744
v -3.257533 13.123116 37.562729
v -3.257532 11.300911 37.562729
v -3.257528 11.300910 56.715744
v -1.042147 13.123116 56.715744
v -1.042150 13.123116 37.562729
v -3.257533 13.123116 37.562729
v -3.257528 13.123116 56.715744
v -1.042150 13.123116 37.562729
v -1.042150 11.300911 37.562729
v -3.257532 11.300911 37.562729
v -3.257533 13.123116 37.562729
v -1.042147 11.300910 56.715744
v -1.042147 13.123116 56.715744
v -3.257528 13.123116 56.715744
v -3.257528 11.300910 56.715744
v -30.006020 13.123116 56.715748
v -30.006020 11.300910 56.715748
v -30.006023 11.300911 37.562733
v -30.006023 13.123116 37.562733
v -32.221401 13.123116 56.715748
v -32.221405 13.123116 37.562733
v -32.221405 11.300911 37.562733
v -32.221401 11.300910 56.715748
v -30.006020 13.123116 56.715748
v -30.006023 13.123116 37.562733
v -32.221405 13.123116 37.562733
v -32.221401 13.123116 56.715748
v -30.006023 13.123116 37.562733
v -30.006023 11.300911 37.562733
v -32.221405 11.300911 37.562733
v -32.221405 13.123116 37.562733
v -30.006020 11.300910 56.715748
v -30.006020 13.123116 56.715748
v -32.221401 13.123116 56.715748
v -32.221401 11.300910 56.715748
v -9.825869 10.582972 57.656326
v -9.825867 0.031765 57.656326
v -9.825867 0.031764 55.834122
v -9.825868 10.582972 55.834122
v -12.041250 10.582972 57.656326
v -12.041250 10.582972 55.834122
v -12.041250 0.031764 55.834122
v -12.041250 0.031765 57.656326
v -9.825869 10.582972 57.656326
v -12.041250 10.582972 57.656326
v -12.041250 0.031765 57.656326
v -9.825867 0.031765 57.656326
v -9.825867 0.031765 57.656326
v -12.041250 0.031765 57.656326
v -12.041250 0.031764 55.834122
v -9.825867 0.031764 55.834122
v -9.825868 10.582972 55.834122
v -12.041250 10.582972 55.834122
v -12.041250 10.582972 57.656326
v -9.825869 10.582972 57.656326
v -22.248238 10.582972 57.656326
v -22.248238 0.031765 57.656330
v -22.248238 0.031764 55.834126
v -22.248238 10.582972 55.834122
v -24.463619 10.582972 57.656326
v -24.463619 10.582972 55.834122
v -24.463619 0.031764 55.834126
v -24.463619 0.031765 57.656330
v -22.248238 10.582972 57.656326
v -24.463619 10.582972 57.656326
v -24.463619 0.031765 57.656330
v -22.248238 0.031765 57.656330
v -22.248238 0.031765 57.656330
v -24.463619 0.031765 57.656330
v -24.463619 0.031764 55.834126
v -22.248238 0.031764 55.834126
v -22.248238 10.582972 55.834122
v -24.463619 10.582972 55.834122
v -24.463619 10.582972 57.656326
v -22.248238 10.582972 57.656326
v -33.916306 11.545328 56.846622
v -28.160690 11.545328 56.846622
v -28.160690 11.545328 56.484802
v -33.916306 11.545328 56.484806
v -5.063160 11.545328 56.846619
v 0.692457 11.545328 56.846619
v 0.692457 11.545328 56.484802
v -5.063161 11.545328 56.484802
vn -0.0000 -1.0000 -0.0000
vn -0.0000 1.0000 -0.0000
vn -0.0000 -0.0000 1.0000
vn 1.0000 -0.0000 -0.0000
vn -0.0000 -0.0000 -1.0000
vn -1.0000 -0.0000 -0.0000
vn -0.0000 0.9977 0.0674
vn 0.0674 0.9977 -0.0000
vn -0.0000 0.9977 -0.0674
vn -0.0674 0.9977 -0.0000
vn -0.0000 -0.9977 0.0674
vn 0.0674 -0.9977 -0.0000
vn -0.0000 -0.9977 -0.0674
vn -0.0674 -0.9977 -0.0000
vt 0.000500 0.273303
vt 0.000500 0.544828
vt 0.652164 0.544828
vt 0.652164 0.273303
vt 0.000500 0.272024
vt 0.652164 0.272024
vt 0.652164 0.000500
vt 0.000500 0.000500
vt 0.652164 0.772164
vt 0.652164 0.624537
vt 0.000500 0.624537
vt 0.000500 0.772164
vt 0.926753 0.226557
vt 0.926753 0.078930
vt 0.655228 0.078930
vt 0.655228 0.226557
vt 0.652164 0.999500
vt 0.652164 0.851873
vt 0.000500 0.851873
vt 0.000500 0.999500
vt 0.926753 0.458440
vt 0.926753 0.310813
vt 0.655228 0.310813
vt 0.655228 0.458440
vt 0.652164 0.549919
vt 0.000500 0.549919
vt 0.000500 0.571135
vt 0.652164 0.571135
vt 0.926753 0.004310
vt 0.655228 0.004310
vt 0.655228 0.025526
vt 0.926753 0.025526
vt 0.652164 0.777255
vt 0.000500 0.777255
vt 0.000500 0.798471
vt 0.652164 0.798471
vt 0.926753 0.236193
vt 0.655228 0.236193
vt 0.655228 0.257409
vt 0.926753 0.257409
vt 0.625523 0.597836
vt 0.027141 0.597836
vt 0.900111 0.052228
vt 0.681870 0.052228
vt 0.625523 0.825172
vt 0.027141 0.825172
vt 0.900111 0.284111
vt 0.681870 0.284111
vt 0.766752 0.840349
vt 0.755256 0.828853
vt 0.755256 0.999500
vt 0.766752 0.988004
vt 0.791700 0.840349
vt 0.791700 0.988004
vt 0.803196 0.999500
vt 0.803196 0.828853
vt 0.866780 0.840349
vt 0.855284 0.828853
vt 0.855284 0.999500
vt 0.866780 0.988004
vt 0.891728 0.840349
vt 0.891728 0.988004
vt 0.903224 0.999500
vt 0.903224 0.828853
vt 0.740821 0.988277
vt 0.752044 0.999500
vt 0.752044 0.709280
vt 0.740821 0.720504
vt 0.716466 0.988277
vt 0.716466 0.720504
vt 0.705242 0.709280
vt 0.705242 0.999500
vt 0.690807 0.988277
vt 0.702031 0.999500
vt 0.702031 0.709280
vt 0.690807 0.720504
vt 0.666451 0.988277
vt 0.666452 0.720504
vt 0.655228 0.709280
vt 0.655228 0.999500
vt 0.941742 0.840349
vt 0.941742 0.988004
vt 0.953238 0.999500
vt 0.953238 0.828853
vt 0.916794 0.840349
vt 0.905298 0.828853
vt 0.905298 0.999500
vt 0.916794 0.988004
vt 0.841714 0.840349
vt 0.841714 0.988004
vt 0.853210 0.999500
vt 0.853210 0.828853
vt 0.816766 0.840349
vt 0.805270 0.828853
vt 0.805270 0.999500
vt 0.816766 0.988004
vt 0.129376 1.988804
vt 0.251202 1.988804
vt 0.251202 1.971868
vt 0.129376 1.971868
vt 0.740095 1.988804
vt 0.861922 1.988804
vt 0.861922 1.971868
vt 0.740095 1.971868
s 0
usemtl Material_29
f 1/1/1 2/2/1 3/3/1
f 1/1/1 3/3/1 4/4/1
f 5/5/2 6/6/2 7/7/2
f 5/5/2 7/7/2 8/8/2
f 9/9/3 10/10/3 11/11/3
f 9/9/3 11/11/3 12/12/3
f 13/13/4 14/14/4 15/15/4
f 13/13/4 15/15/4 16/16/4
f 17/17/5 18/18/5 19/19/5
f 17/17/5 19/19/5 20/20/5
f 21/21/6 22/22/6 23/23/6
f 21/21/6 23/23/6 24/24/6
f 25/25/3 26/26/3 27/27/3
f 25/25/3 27/27/3 28/28/3
f 29/29/4 30/30/4 31/31/4
f 29/29/4 31/31/4 32/32/4
f 33/33/5 34/34/5 35/35/5
f 33/33/5 35/35/5 36/36/5
f 37/37/6 38/38/6 39/39/6
f 37/37/6 39/39/6 40/40/6
f 41/10/7 42/41/7 43/42/7
f 41/10/7 43/42/7 44/11/7
f 45/14/8 46/43/8 47/44/8
f 45/14/8 47/44/8 48/15/8
f 49/18/9 50/45/9 51/46/9
f 49/18/9 51/46/9 52/19/9
f 53/22/10 54/47/10 55/48/10
f 53/22/10 55/48/10 56/23/10
f 57/27/11 58/42/11 59/41/11
f 57/27/11 59/41/11 60/28/11
f 61/31/12 62/44/12 63/43/12
f 61/31/12 63/43/12 64/32/12
f 65/35/13 66/46/13 67/45/13
f 65/35/13 67/45/13 68/36/13
f 69/39/14 70/48/14 71/47/14
f 69/39/14 71/47/14 72/40/14
f 73/49/4 74/50/4 75/51/4
f 73/49/4 75/51/4 76/52/4
f 77/53/6 78/54/6 79/55/6
f 77/53/6 79/55/6 80/56/6
f 81/49/5 82/52/5 83/54/5
f 81/49/5 83/54/5 84/53/5
f 85/52/1 86/51/1 87/55/1
f 85/52/1 87/55/1 88/54/1
f 89/50/2 90/49/2 91/53/2
f 89/50/2 91/53/2 92/56/2
f 93/57/4 94/58/4 95/59/4
f 93/57/4 95/59/4 96/60/4
f 97/61/6 98/62/6 99/63/6
f 97/61/6 99/63/6 100/64/6
f 101/57/5 102/60/5 103/62/5
f 101/57/5 103/62/5 104/61/5
f 105/60/1 106/59/1 107/63/1
f 105/60/1 107/63/1 108/62/1
f 109/58/2 110/57/2 111/61/2
f 109/58/2 111/61/2 112/64/2
f 113/65/4 114/66/4 115/67/4
f 113/65/4 115/67/4 116/68/4
f 117/69/6 118/70/6 119/71/6
f 117/69/6 119/71/6 120/72/6
f 121/65/2 122/68/2 123/70/2
f 121/65/2 123/70/2 124/69/2
f 125/68/5 126/67/5 127/71/5
f 125/68/5 127/71/5 128/70/5
f 129/66/3 130/65/3 131/69/3
f 129/66/3 131/69/3 132/72/3
f 133/73/4 134/74/4 135/75/4
f 133/73/4 135/75/4 136/76/4
f 137/77/6 138/78/6 139/79/6
f 137/77/6 139/79/6 140/80/6
f 141/73/2 142/76/2 143/78/2
f 141/73/2 143/78/2 144/77/2
f 145/76/5 146/75/5 147/79/5
f 145/76/5 147/79/5 148/78/5
f 149/74/3 150/73/3 151/77/3
f 149/74/3 151/77/3 152/80/3
f 153/81/4 154/82/4 155/83/4
f 153/81/4 155/83/4 156/84/4
f 157/85/6 158/86/6 159/87/6
f 157/85/6 159/87/6 160/88/6
f 161/81/3 162/85/3 163/88/3
f 161/81/3 163/88/3 164/82/3
f 165/82/1 166/88/1 167/87/1
f 165/82/1 167/87/1 168/83/1
f 169/84/2 170/86/2 171/85/2
f 169/84/2 171/85/2 172/81/2
f 173/89/4 174/90/4 175/91/4
f 173/89/4 175/91/4 176/92/4
f 177/93/6 178/94/6 179/95/6
f 177/93/6 179/95/6 180/96/6
f 181/89/3 182/93/3 183/96/3
f 181/89/3 183/96/3 184/90/3
f 185/90/1 186/96/1 187/95/1
f 185/90/1 187/95/1 188/91/1
f 189/92/2 190/94/2 191/93/2
f 189/92/2 191/93/2 192/89/2
f 193/97/2 194/98/2 195/99/2
f 193/97/2 195/99/2 196/100/2
f 197/101/2 198/102/2 199/103/2
f 197/101/2 199/103/2 200/104/2
o             _       .002
v 80.251228 0.000001 20.001293
v 73.518547 -0.000001 38.499187
v 29.123240 -0.000001 22.340618
v 35.855919 0.000001 3.842724
v 78.969513 0.422119 20.598969
v 36.453594 0.422119 5.124439
v 30.404953 0.422117 21.742943
v 72.920868 0.422117 37.217472
v 80.251228 0.000001 20.001293
v 35.855919 0.000001 3.842724
v 35.855919 10.840668 3.842724
v 80.251228 10.840668 20.001293
v 35.855919 0.000001 3.842724
v 29.123240 -0.000001 22.340618
v 29.123240 10.840666 22.340614
v 35.855919 10.840668 3.842724
v 29.123240 -0.000001 22.340618
v 73.518547 -0.000001 38.499187
v 73.518547 10.840666 38.499184
v 29.123240 10.840666 22.340614
v 73.518547 -0.000001 38.499187
v 80.251228 0.000001 20.001293
v 80.251228 10.840668 20.001293
v 73.518547 10.840666 38.499184
v 80.251228 10.840668 20.001293
v 35.855919 10.840668 3.842724
v 36.453594 10.840668 5.124437
v 78.969513 10.840668 20.598967
v 35.855919 10.840668 3.842724
v 29.123240 10.840666 22.340614
v 30.404953 10.840666 21.742943
v 36.453594 10.840668 5.124437
v 29.123240 10.840666 22.340614
v 73.518547 10.840666 38.499184
v 72.920868 10.840666 37.217472
v 30.404953 10.840666 21.742943
v 73.518547 10.840666 38.499184
v 80.251228 10.840668 20.001293
v 78.969513 10.840668 20.598967
v 72.920868 10.840666 37.217472
v 78.969513 10.840668 20.598967
v 36.453594 10.840668 5.124437
v 36.453594 0.422119 5.124439
v 78.969513 0.422119 20.598969
v 36.453594 10.840668 5.124437
v 30.404953 10.840666 21.742943
v 30.404953 0.422117 21.742943
v 36.453594 0.422119 5.124439
v 30.404953 10.840666 21.742943
v 72.920868 10.840666 37.217472
v 72.920868 0.422117 37.217472
v 30.404953 0.422117 21.742943
v 72.920868 10.840666 37.217472
v 78.969513 10.840668 20.598967
v 78.969513 0.422119 20.598969
v 72.920868 0.422117 37.217472
v 37.433472 3.721913 17.539085
v 37.433472 3.016614 17.539085
v 37.291683 2.446016 17.928646
v 37.062263 2.228066 18.558973
v 36.832844 2.446016 19.189299
v 36.691055 3.016614 19.578861
v 36.691055 3.721912 19.578861
v 36.832844 4.292511 19.189299
v 37.062263 4.510459 18.558971
v 37.291679 4.292511 17.928648
v 50.758572 7.018433 23.544020
v 50.024963 6.321504 25.559593
v 57.299828 6.321503 28.207428
v 58.033436 7.018432 26.191854
v 50.024963 6.321504 25.559593
v 49.571564 4.496917 26.805288
v 56.846432 4.496916 29.453121
v 57.299828 6.321503 28.207428
v 49.571568 2.241606 26.805286
v 56.846432 2.241605 29.453121
v 50.024960 0.417021 25.559595
v 57.299828 0.417020 28.207430
v 50.758568 -0.279908 23.544022
v 58.033436 -0.279909 26.191856
v 51.492180 0.417022 21.528448
v 58.767044 0.417021 24.176281
v 51.945572 2.241606 20.282755
v 59.220440 2.241606 22.930590
v 51.945572 4.496919 20.282755
v 59.220440 4.496918 22.930588
v 51.492180 6.321505 21.528448
v 58.767044 6.321504 24.176283
v 68.750961 3.905682 30.092716
v 68.643127 3.803235 30.389004
v 68.576477 3.535024 30.572117
v 68.576477 3.203498 30.572117
v 68.643127 2.935287 30.389004
v 68.750961 2.832840 30.092716
v 68.858803 2.935287 29.796432
v 68.925453 3.203498 29.613317
v 68.925453 3.535024 29.613317
v 68.858803 3.803235 29.796432
v 62.835888 6.659781 27.939804
v 62.174381 6.031348 29.757282
v 64.660210 5.730405 30.429371
v 65.246941 6.287796 28.817356
v 62.174381 6.031348 29.757282
v 61.765549 4.386087 30.880547
v 64.297592 4.271137 31.425653
v 64.660210 5.730405 30.429371
v 61.765549 2.352434 30.880547
v 64.297592 2.467384 31.425652
v 62.174381 0.707174 29.757282
v 64.660210 1.008116 30.429371
v 62.835888 0.078741 27.939806
v 65.246941 0.450726 28.817356
v 63.497398 0.707174 26.122328
v 65.833664 1.008117 27.205339
v 63.906231 2.352435 24.999065
v 66.196281 2.467384 26.209059
v 63.906231 4.386088 24.999065
v 66.196281 4.271139 26.209059
v 63.497398 6.031350 26.122328
v 65.833664 5.730406 27.205341
v 46.104908 5.681871 23.638266
v 46.679573 6.227805 22.059387
v 44.982742 5.389935 21.441792
v 44.576519 5.004021 22.557884
v 47.254238 5.681872 20.480507
v 45.388969 5.004022 20.325699
v 47.609398 4.252601 19.504705
v 45.640030 3.993685 19.635916
v 47.609398 2.485925 19.504705
v 45.640030 2.744840 19.635916
v 47.254238 1.056654 20.480507
v 45.388969 1.734504 20.325699
v 46.679573 0.510720 22.059387
v 44.982742 1.348590 21.441792
v 46.104908 1.056653 23.638268
v 44.576519 1.734504 22.557886
v 45.749744 2.485924 24.614067
v 44.325459 2.744840 23.247669
v 45.749744 4.252600 24.614067
v 44.325459 3.993685 23.247669
v 46.104908 5.681871 23.638266
v 44.576519 5.004021 22.557884
v 40.702049 4.606668 20.840471
v 41.009533 4.898780 19.995661
v 37.829414 5.300272 18.838192
v 37.441216 4.931483 19.904762
v 40.037155 6.124243 19.015770
v 40.227055 5.943839 18.494026
v 38.312897 6.144441 17.642229
v 38.073151 6.372200 18.300930
v 41.317020 4.606669 19.150852
v 41.507057 3.841910 18.628731
v 38.457535 3.965978 17.112448
v 38.217613 4.931483 17.771624
v 40.772301 3.654351 16.924656
v 40.772301 3.084175 16.924656
v 38.932911 3.009341 16.010075
v 38.932911 3.729186 16.010075
v 41.507057 2.896616 18.628731
v 41.317020 2.131858 19.150852
v 38.217613 1.807044 17.771624
v 38.457535 2.772548 17.112448
v 40.214485 0.792299 18.492481
v 40.026825 0.614025 19.008064
v 38.086014 0.368996 18.301666
v 38.322929 0.594067 17.650743
v 41.009533 1.839745 19.995663
v 40.702049 2.131857 20.840471
v 37.441216 1.807043 19.904762
v 37.829414 1.438253 18.838192
v 38.895927 1.520920 21.515200
v 38.802994 1.894904 21.770529
v 37.183983 1.834232 21.379969
v 37.301308 1.362079 21.057617
v 40.512012 2.896616 21.362593
v 40.512012 3.841909 21.362593
v 37.201294 3.965977 20.563938
v 37.201294 2.772548 20.563938
v 38.836662 4.832864 21.785639
v 38.933723 5.223481 21.518955
v 37.268188 5.389387 21.041021
v 37.145641 4.896235 21.377708
v 46.104908 5.681871 23.638266
v 50.024963 6.321504 25.559593
v 57.299828 6.321503 28.207428
v 62.174381 6.031348 29.757282
v 64.660210 5.730405 30.429371
v 68.643127 3.803235 30.389004
v 68.643127 3.803235 30.389004
v 68.576477 3.535024 30.572117
v 40.702049 4.606668 20.840471
v 44.576519 5.004021 22.557884
v 40.702049 4.606668 20.840471
v 36.832844 4.292511 19.189299
v 37.441216 4.931483 19.904762
v 37.829414 5.300272 18.838192
v 37.062263 4.510459 18.558971
v 38.217613 4.931483 17.771624
v 37.291679 4.292511 17.928648
v 38.457535 3.965978 17.112448
v 37.433472 3.721913 17.539085
v 38.457535 2.772548 17.112448
v 37.433472 3.016614 17.539085
v 38.217613 1.807044 17.771624
v 37.291683 2.446016 17.928646
v 37.829414 1.438253 18.838192
v 37.062263 2.228066 18.558973
v 37.441216 1.807043 19.904762
v 36.832844 2.446016 19.189299
v 37.201294 2.772548 20.563938
v 36.691055 3.016614 19.578861
v 37.201294 3.965977 20.563938
v 36.691055 3.721912 19.578861
v 37.441216 4.931483 19.904762
v 36.832844 4.292511 19.189299
v 41.009533 4.898780 19.995661
v 41.317020 4.606669 19.150852
v 40.227055 5.943839 18.494026
v 40.037155 6.124243 19.015770
v 41.317020 4.606669 19.150852
v 38.217613 4.931483 17.771624
v 38.312897 6.144441 17.642229
v 40.227055 5.943839 18.494026
v 38.073151 6.372200 18.300930
v 38.312897 6.144441 17.642229
v 37.829414 5.300272 18.838192
v 41.009533 4.898780 19.995661
v 40.037155 6.124243 19.015770
v 38.073151 6.372200 18.300930
v 41.507057 3.841910 18.628731
v 41.507057 2.896616 18.628731
v 40.772301 3.084175 16.924656
v 40.772301 3.654351 16.924656
v 41.507057 2.896616 18.628731
v 38.457535 2.772548 17.112448
v 38.932911 3.009341 16.010075
v 40.772301 3.084175 16.924656
v 38.932911 3.729186 16.010075
v 38.932911 3.009341 16.010075
v 38.457535 3.965978 17.112448
v 41.507057 3.841910 18.628731
v 40.772301 3.654351 16.924656
v 38.932911 3.729186 16.010075
v 41.317020 2.131858 19.150852
v 41.009533 1.839745 19.995663
v 40.026825 0.614025 19.008064
v 40.214485 0.792299 18.492481
v 41.009533 1.839745 19.995663
v 37.829414 1.438253 18.838192
v 38.086014 0.368996 18.301666
v 40.026825 0.614025 19.008064
v 38.322929 0.594067 17.650743
v 38.086014 0.368996 18.301666
v 38.217613 1.807044 17.771624
v 41.317020 2.131858 19.150852
v 40.214485 0.792299 18.492481
v 38.322929 0.594067 17.650743
v 40.702049 2.131857 20.840471
v 40.512012 2.896616 21.362593
v 38.802994 1.894904 21.770529
v 38.895927 1.520920 21.515200
v 40.512012 2.896616 21.362593
v 37.201294 2.772548 20.563938
v 37.183983 1.834232 21.379969
v 38.802994 1.894904 21.770529
v 37.301308 1.362079 21.057617
v 37.183983 1.834232 21.379969
v 37.441216 1.807043 19.904762
v 40.702049 2.131857 20.840471
v 38.895927 1.520920 21.515200
v 37.301308 1.362079 21.057617
v 40.512012 3.841909 21.362593
v 40.702049 4.606668 20.840471
v 38.933723 5.223481 21.518955
v 38.836662 4.832864 21.785639
v 40.702049 4.606668 20.840471
v 37.441216 4.931483 19.904762
v 37.268188 5.389387 21.041021
v 38.933723 5.223481 21.518955
v 37.145641 4.896235 21.377708
v 37.268188 5.389387 21.041021
v 37.201294 3.965977 20.563938
v 40.512012 3.841909 21.362593
v 38.836662 4.832864 21.785639
v 37.145641 4.896235 21.377708
v 40.038227 3.721914 10.382576
v 40.038227 3.016615 10.382576
v 39.896439 2.446017 10.772139
v 39.667019 2.228067 11.402464
v 39.437599 2.446017 12.032789
v 39.295811 3.016615 12.422352
v 39.295811 3.721913 12.422352
v 39.437599 4.292511 12.032789
v 39.667019 4.510460 11.402464
v 39.896439 4.292512 10.772139
v 53.363327 7.018434 16.387512
v 52.629719 6.321504 18.403086
v 59.904583 6.321503 21.050920
v 60.638191 7.018433 19.035347
v 52.629719 6.321504 18.403086
v 52.176323 4.496918 19.648779
v 59.451187 4.496917 22.296614
v 59.904583 6.321503 21.050920
v 52.176323 2.241606 19.648779
v 59.451187 2.241606 22.296614
v 52.629715 0.417022 18.403086
v 59.904583 0.417021 21.050920
v 53.363327 -0.279908 16.387512
v 60.638191 -0.279908 19.035347
v 54.096935 0.417023 14.371939
v 61.371799 0.417022 17.019773
v 54.550331 2.241607 13.126245
v 61.825195 2.241606 15.774080
v 54.550331 4.496920 13.126245
v 61.825195 4.496919 15.774080
v 54.096935 6.321506 14.371939
v 61.371799 6.321505 17.019773
v 71.355721 3.905683 22.936209
v 71.247879 3.803236 23.232494
v 71.181236 3.535025 23.415609
v 71.181236 3.203499 23.415609
v 71.247879 2.935288 23.232494
v 71.355721 2.832841 22.936209
v 71.463562 2.935288 22.639923
v 71.530212 3.203499 22.456808
v 71.530212 3.535025 22.456808
v 71.463562 3.803236 22.639923
v 65.440643 6.659782 20.783297
v 64.779137 6.031349 22.600775
v 67.264969 5.730406 23.272863
v 67.851692 6.287797 21.660847
v 64.779137 6.031349 22.600775
v 64.370300 4.386088 23.724037
v 66.902351 4.271138 24.269144
v 67.264969 5.730406 23.272863
v 64.370300 2.352435 23.724037
v 66.902351 2.467385 24.269144
v 64.779137 0.707175 22.600775
v 67.264969 1.008117 23.272863
v 65.440643 0.078742 20.783297
v 67.851692 0.450727 21.660847
v 66.102150 0.707175 18.965818
v 68.438416 1.008118 20.048832
v 66.510986 2.352436 17.842556
v 68.801033 2.467385 19.052551
v 66.510986 4.386089 17.842556
v 68.801033 4.271140 19.052551
v 66.102150 6.031351 18.965820
v 68.438416 5.730407 20.048832
v 48.709663 5.681872 16.481758
v 49.284328 6.227806 14.902878
v 47.587502 5.389936 14.285283
v 47.181274 5.004022 15.401377
v 49.858994 5.681873 13.323999
v 47.993725 5.004023 13.169191
v 50.214157 4.252602 12.348197
v 48.244785 3.993686 12.479406
v 50.214157 2.485925 12.348198
v 48.244785 2.744841 12.479406
v 49.858994 1.056655 13.323998
v 47.993725 1.734505 13.169190
v 49.284328 0.510721 14.902879
v 47.587502 1.348591 14.285284
v 48.709663 1.056654 16.481758
v 47.181274 1.734505 15.401377
v 48.354500 2.485925 17.457560
v 46.930214 2.744841 16.091160
v 48.354500 4.252601 17.457560
v 46.930214 3.993685 16.091160
v 48.709663 5.681872 16.481758
v 47.181274 5.004022 15.401377
v 43.306805 4.606669 13.683963
v 43.614288 4.898781 12.839153
v 40.434170 5.300273 11.681684
v 40.045971 4.931484 12.748253
v 42.641914 6.124244 11.859261
v 42.831810 5.943840 11.337517
v 40.917652 6.144442 10.485722
v 40.677906 6.372201 11.144421
v 43.921776 4.606670 11.994345
v 44.111813 3.841911 11.472223
v 41.062286 3.965979 9.955940
v 40.822369 4.931484 10.615116
v 43.377056 3.654351 9.768146
v 43.377056 3.084176 9.768146
v 41.537666 3.009342 8.853565
v 41.537666 3.729187 8.853565
v 44.111813 2.896617 11.472223
v 43.921776 2.131859 11.994344
v 40.822369 1.807045 10.615114
v 41.062286 2.772549 9.955940
v 42.819241 0.792300 11.335972
v 42.631584 0.614025 11.851556
v 40.690769 0.368997 11.145157
v 40.927689 0.594068 10.494234
v 43.614288 1.839746 12.839153
v 43.306805 2.131858 13.683963
v 40.045971 1.807044 12.748253
v 40.434170 1.438254 11.681684
v 41.500683 1.520921 14.358692
v 41.407749 1.894905 14.614019
v 39.788738 1.834233 14.223459
v 39.906063 1.362080 13.901109
v 43.116768 2.896617 14.206083
v 43.116768 3.841910 14.206084
v 39.806049 3.965978 13.407429
v 39.806049 2.772549 13.407429
v 41.441414 4.832865 14.629129
v 41.538483 5.223482 14.362446
v 39.872940 5.389388 13.884512
v 39.750397 4.896235 14.221200
v 48.709663 5.681872 16.481758
v 52.629719 6.321504 18.403086
v 59.904583 6.321503 21.050920
v 64.779137 6.031349 22.600775
v 67.264969 5.730406 23.272863
v 71.247879 3.803236 23.232494
v 71.247879 3.803236 23.232494
v 71.181236 3.535025 23.415609
v 43.306805 4.606669 13.683963
v 47.181274 5.004022 15.401377
v 43.306805 4.606669 13.683963
v 39.437599 4.292511 12.032789
v 40.045971 4.931484 12.748253
v 40.434170 5.300273 11.681684
v 39.667019 4.510460 11.402464
v 40.822369 4.931484 10.615116
v 39.896439 4.292512 10.772139
v 41.062286 3.965979 9.955940
v 40.038227 3.721914 10.382576
v 41.062286 2.772549 9.955940
v 40.038227 3.016615 10.382576
v 40.822369 1.807045 10.615114
v 39.896439 2.446017 10.772139
v 40.434170 1.438254 11.681684
v 39.667019 2.228067 11.402464
v 40.045971 1.807044 12.748253
v 39.437599 2.446017 12.032789
v 39.806049 2.772549 13.407429
v 39.295811 3.016615 12.422352
v 39.806049 3.965978 13.407429
v 39.295811 3.721913 12.422352
v 40.045971 4.931484 12.748253
v 39.437599 4.292511 12.032789
v 43.614288 4.898781 12.839153
v 43.921776 4.606670 11.994345
v 42.831810 5.943840 11.337517
v 42.641914 6.124244 11.859261
v 43.921776 4.606670 11.994345
v 40.822369 4.931484 10.615116
v 40.917652 6.144442 10.485722
v 42.831810 5.943840 11.337517
v 40.677906 6.372201 11.144421
v 40.917652 6.144442 10.485722
v 40.434170 5.300273 11.681684
v 43.614288 4.898781 12.839153
v 42.641914 6.124244 11.859261
v 40.677906 6.372201 11.144421
v 44.111813 3.841911 11.472223
v 44.111813 2.896617 11.472223
v 43.377056 3.084176 9.768146
v 43.377056 3.654351 9.768146
v 44.111813 2.896617 11.472223
v 41.062286 2.772549 9.955940
v 41.537666 3.009342 8.853565
v 43.377056 3.084176 9.768146
v 41.537666 3.729187 8.853565
v 41.537666 3.009342 8.853565
v 41.062286 3.965979 9.955940
v 44.111813 3.841911 11.472223
v 43.377056 3.654351 9.768146
v 41.537666 3.729187 8.853565
v 43.921776 2.131859 11.994344
v 43.614288 1.839746 12.839153
v 42.631584 0.614025 11.851556
v 42.819241 0.792300 11.335972
v 43.614288 1.839746 12.839153
v 40.434170 1.438254 11.681684
v 40.690769 0.368997 11.145157
v 42.631584 0.614025 11.851556
v 40.927689 0.594068 10.494234
v 40.690769 0.368997 11.145157
v 40.822369 1.807045 10.615114
v 43.921776 2.131859 11.994344
v 42.819241 0.792300 11.335972
v 40.927689 0.594068 10.494234
v 43.306805 2.131858 13.683963
v 43.116768 2.896617 14.206083
v 41.407749 1.894905 14.614019
v 41.500683 1.520921 14.358692
v 43.116768 2.896617 14.206083
v 39.806049 2.772549 13.407429
v 39.788738 1.834233 14.223459
v 41.407749 1.894905 14.614019
v 39.906063 1.362080 13.901109
v 39.788738 1.834233 14.223459
v 40.045971 1.807044 12.748253
v 43.306805 2.131858 13.683963
v 41.500683 1.520921 14.358692
v 39.906063 1.362080 13.901109
v 43.116768 3.841910 14.206084
v 43.306805 4.606669 13.683963
v 41.538483 5.223482 14.362446
v 41.441414 4.832865 14.629129
v 43.306805 4.606669 13.683963
v 40.045971 4.931484 12.748253
v 39.872940 5.389388 13.884512
v 41.538483 5.223482 14.362446
v 39.750397 4.896235 14.221200
v 39.872940 5.389388 13.884512
v 39.806049 3.965978 13.407429
v 43.116768 3.841910 14.206084
v 41.441414 4.832865 14.629129
v 39.750397 4.896235 14.221200
v 65.003281 9.131684 14.890722
v 64.199097 9.131684 14.598022
v 57.772491 9.131682 32.254967
v 58.576679 9.131682 32.547668
v 59.043755 6.896911 28.762203
v 57.772491 -0.000001 32.254967
v 57.772491 9.131682 32.254967
v 63.134533 6.896912 17.522879
v 64.199097 9.131684 14.598022
v 64.199097 0.000001 14.598024
v 63.938721 6.896912 17.815578
v 65.003281 0.000001 14.890724
v 65.003281 9.131684 14.890722
v 59.847942 6.896911 29.054905
v 58.576679 9.131682 32.547668
v 58.576679 -0.000001 32.547668
v 63.134533 6.896912 17.522879
v 63.938721 6.896912 17.815578
v 59.847942 6.896911 29.054905
v 59.043755 6.896911 28.762203
v 64.199097 0.000001 14.598024
v 65.003281 0.000001 14.890724
v 58.576679 -0.000001 32.547668
v 57.772491 -0.000001 32.254967
v 74.923615 10.634789 18.487997
v 73.528755 10.634789 17.980309
v 67.272659 10.634787 35.168785
v 68.667526 10.634787 35.676472
v 73.528755 0.000001 17.980309
v 67.272659 -0.000001 35.168785
v 67.272659 10.634787 35.168785
v 73.528755 10.634789 17.980309
v 68.667526 -0.000001 35.676476
v 74.923615 0.000001 18.487999
v 74.923615 10.634789 18.487997
v 68.667526 10.634787 35.676472
v 72.882698 9.368777 18.191101
v 72.780548 9.368777 18.471746
v 69.475479 9.368777 17.268799
v 69.577621 9.368777 16.988152
v 72.913246 13.268229 18.107159
v 69.608177 13.268229 16.904211
v 69.506027 13.268229 17.184856
v 72.811104 13.268229 18.387806
v 69.577621 9.368777 16.988152
v 69.554108 11.253934 17.052750
v 72.859184 11.253934 18.255697
v 72.882698 9.368777 18.191101
v 69.475479 9.368777 17.268799
v 69.451965 11.253934 17.333395
v 69.554108 11.253934 17.052750
v 69.577621 9.368777 16.988152
v 72.780548 9.368777 18.471746
v 72.757034 11.253934 18.536343
v 69.451965 11.253934 17.333395
v 69.475479 9.368777 17.268799
v 72.882698 9.368777 18.191101
v 72.859184 11.253934 18.255697
v 72.757034 11.253934 18.536343
v 72.780548 9.368777 18.471746
v 69.608177 13.268229 16.904211
v 72.913246 13.268229 18.107159
v 72.859184 11.383071 18.255697
v 69.554108 11.383071 17.052750
v 69.506027 13.268229 17.184856
v 69.608177 13.268229 16.904211
v 69.554108 11.383071 17.052750
v 69.451965 11.383071 17.333395
v 72.811104 13.268229 18.387806
v 69.506027 13.268229 17.184856
v 69.451965 11.383071 17.333395
v 72.757034 11.383071 18.536343
v 72.913246 13.268229 18.107159
v 72.811104 13.268229 18.387806
v 72.757034 11.383071 18.536343
v 72.859184 11.383071 18.255697
v 72.695984 11.318502 18.303131
v 72.859184 11.253934 18.255697
v 69.554108 11.253934 17.052750
v 69.554108 11.253934 17.052750
v 69.648636 11.318502 17.193989
v 69.648636 11.318502 17.193989
v 69.554108 11.253934 17.052750
v 69.451965 11.253934 17.333395
v 69.615166 11.318502 17.285961
v 69.648636 11.318502 17.193989
v 69.615166 11.318502 17.285961
v 69.451965 11.253934 17.333395
v 72.757034 11.253934 18.536343
v 72.757034 11.253934 18.536343
v 72.662506 11.318502 18.395103
v 72.662506 11.318502 18.395103
v 72.757034 11.253934 18.536343
v 72.859184 11.253934 18.255697
v 72.695984 11.318502 18.303131
v 72.662506 11.318502 18.395103
v 69.648636 11.318502 17.193989
v 69.554108 11.383071 17.052750
v 72.859184 11.383071 18.255697
v 72.859184 11.383071 18.255697
v 72.695984 11.318502 18.303131
v 69.615166 11.318502 17.285961
v 69.451965 11.383071 17.333395
v 69.554108 11.383071 17.052750
v 69.648636 11.318502 17.193989
v 69.615166 11.318502 17.285961
v 72.662506 11.318502 18.395103
v 72.757034 11.383071 18.536343
v 69.451965 11.383071 17.333395
v 69.451965 11.383071 17.333395
v 69.615166 11.318502 17.285961
v 72.695984 11.318502 18.303131
v 72.859184 11.383071 18.255697
v 72.757034 11.383071 18.536343
v 72.662506 11.318502 18.395103
v 72.695984 11.318502 18.303131
v 66.433037 30.595659 14.578329
v 66.698433 30.527771 13.849154
v 66.070587 11.397401 15.574141
v 65.805191 11.465289 16.303316
v 69.328400 30.595659 15.632156
v 68.700562 11.465289 17.357143
v 68.965958 11.397401 16.627968
v 69.593796 30.527771 14.902981
v 66.433037 30.595659 14.578329
v 65.805191 11.465289 16.303316
v 68.700562 11.465289 17.357143
v 69.328400 30.595659 15.632156
v 65.805191 11.465289 16.303316
v 66.070587 11.397401 15.574141
v 68.965958 11.397401 16.627968
v 68.700562 11.465289 17.357143
v 66.698433 30.527771 13.849154
v 66.433037 30.595659 14.578329
v 69.328400 30.595659 15.632156
v 69.593796 30.527771 14.902981
v 47.445053 30.595659 7.667269
v 47.710453 30.527771 6.938094
v 47.082611 11.397401 8.663080
v 46.817211 11.465289 9.392257
v 50.340424 30.595659 8.721096
v 49.712578 11.465289 10.446083
v 49.977978 11.397401 9.716908
v 50.605820 30.527771 7.991921
v 47.445053 30.595659 7.667269
v 46.817211 11.465289 9.392257
v 49.712578 11.465289 10.446083
v 50.340424 30.595659 8.721096
v 46.817211 11.465289 9.392257
v 47.082611 11.397401 8.663080
v 49.977978 11.397401 9.716908
v 49.712578 11.465289 10.446083
v 47.710453 30.527771 6.938094
v 47.445053 30.595659 7.667269
v 50.340424 30.595659 8.721096
v 50.605820 30.527771 7.991921
v 45.700565 9.368777 8.297615
v 45.598419 9.368777 8.578260
v 42.293346 9.368777 7.375311
v 42.395493 9.368777 7.094666
v 45.731117 13.268229 8.213673
v 42.426044 13.268229 7.010724
v 42.323898 13.268229 7.291370
v 45.628971 13.268229 8.494319
v 42.395493 9.368777 7.094666
v 42.371983 11.253934 7.159263
v 45.677055 11.253934 8.362211
v 45.700565 9.368777 8.297615
v 42.293346 9.368777 7.375311
v 42.269836 11.253934 7.439908
v 42.371983 11.253934 7.159263
v 42.395493 9.368777 7.094666
v 45.598419 9.368777 8.578260
v 45.574909 11.253934 8.642857
v 42.269836 11.253934 7.439908
v 42.293346 9.368777 7.375311
v 45.700565 9.368777 8.297615
v 45.677055 11.253934 8.362211
v 45.574909 11.253934 8.642857
v 45.598419 9.368777 8.578260
v 42.426044 13.268229 7.010724
v 45.731117 13.268229 8.213673
v 45.677055 11.383071 8.362211
v 42.371983 11.383071 7.159263
v 42.323898 13.268229 7.291370
v 42.426044 13.268229 7.010724
v 42.371983 11.383071 7.159263
v 42.269836 11.383071 7.439908
v 45.628971 13.268229 8.494319
v 42.323898 13.268229 7.291370
v 42.269836 11.383071 7.439908
v 45.574909 11.383071 8.642857
v 45.731117 13.268229 8.213673
v 45.628971 13.268229 8.494319
v 45.574909 11.383071 8.642857
v 45.677055 11.383071 8.362211
v 45.513855 11.318502 8.409645
v 45.677055 11.253934 8.362211
v 42.371983 11.253934 7.159263
v 42.371983 11.253934 7.159263
v 42.466511 11.318502 7.300503
v 42.466511 11.318502 7.300503
v 42.371983 11.253934 7.159263
v 42.269836 11.253934 7.439908
v 42.433037 11.318502 7.392475
v 42.466511 11.318502 7.300503
v 42.433037 11.318502 7.392475
v 42.269836 11.253934 7.439908
v 45.574909 11.253934 8.642857
v 45.574909 11.253934 8.642857
v 45.480377 11.318502 8.501617
v 45.480377 11.318502 8.501617
v 45.574909 11.253934 8.642857
v 45.677055 11.253934 8.362211
v 45.513855 11.318502 8.409645
v 45.480377 11.318502 8.501617
v 42.466511 11.318502 7.300503
v 42.371983 11.383071 7.159263
v 45.677055 11.383071 8.362211
v 45.677055 11.383071 8.362211
v 45.513855 11.318502 8.409645
v 42.433037 11.318502 7.392475
v 42.269836 11.383071 7.439908
v 42.371983 11.383071 7.159263
v 42.466511 11.318502 7.300503
v 42.433037 11.318502 7.392475
v 45.480377 11.318502 8.501617
v 45.574909 11.383071 8.642857
v 42.269836 11.383071 7.439908
v 42.269836 11.383071 7.439908
v 42.433037 11.318502 7.392475
v 45.513855 11.318502 8.409645
v 45.677055 11.383071 8.362211
v 45.574909 11.383071 8.642857
v 45.480377 11.318502 8.501617
v 45.513855 11.318502 8.409645
v 47.415001 9.131684 8.489111
v 46.610813 9.131684 8.196411
v 40.184212 9.131682 25.853355
v 40.988396 9.131682 26.146057
v 41.847092 5.117123 21.284628
v 40.184212 -0.000001 25.853357
v 40.184212 9.131682 25.853355
v 45.106071 5.117124 12.330647
v 46.610813 9.131684 8.196411
v 46.610813 0.000001 8.196413
v 45.910259 5.117124 12.623347
v 47.415001 0.000001 8.489113
v 47.415001 9.131684 8.489111
v 42.651279 5.117123 21.577328
v 40.988396 9.131682 26.146057
v 40.988396 -0.000001 26.146057
v 45.106071 5.117124 12.330647
v 45.910259 5.117124 12.623347
v 42.651279 5.117123 21.577328
v 41.847092 5.117123 21.284628
v 46.610813 0.000001 8.196413
v 47.415001 0.000001 8.489113
v 40.988396 -0.000001 26.146057
v 40.184212 -0.000001 25.853357
v 45.598946 10.582970 28.865440
v 45.865356 10.582970 28.133480
v 45.865356 0.031762 28.133482
v 45.598946 0.031762 28.865444
v 47.680725 10.582970 29.623144
v 47.680725 0.031762 29.623146
v 47.947136 0.031762 28.891186
v 47.947136 10.582970 28.891184
v 45.598946 10.582970 28.865440
v 45.598946 0.031762 28.865444
v 47.680725 0.031762 29.623146
v 47.680725 10.582970 29.623144
v 45.598946 0.031762 28.865444
v 45.865356 0.031762 28.133482
v 47.947136 0.031762 28.891186
v 47.680725 0.031762 29.623146
v 45.865356 10.582970 28.133480
v 45.598946 10.582970 28.865440
v 47.680725 10.582970 29.623144
v 47.947136 10.582970 28.891184
v 55.987961 10.582970 32.646732
v 56.254375 10.582970 31.914772
v 56.254375 0.031762 31.914774
v 55.987961 0.031762 32.646736
v 58.069740 10.582970 33.404434
v 58.069740 0.031762 33.404438
v 58.336151 0.031762 32.672478
v 58.336151 10.582970 32.672478
v 55.987961 10.582970 32.646732
v 55.987961 0.031762 32.646736
v 58.069740 0.031762 33.404438
v 58.069740 10.582970 33.404434
v 55.987961 0.031762 32.646736
v 56.254375 0.031762 31.914774
v 58.336151 0.031762 32.672478
v 58.069740 0.031762 33.404438
v 56.254375 10.582970 31.914772
v 55.987961 10.582970 32.646732
v 58.069740 10.582970 33.404434
v 58.336151 10.582970 32.672478
v 63.050385 10.582972 13.242887
v 63.050385 0.031764 13.242887
v 62.783974 0.031764 13.974848
v 62.783974 10.582972 13.974848
v 65.132156 10.582972 14.000591
v 64.865746 10.582972 14.732552
v 64.865753 0.031764 14.732553
v 65.132156 0.031764 14.000593
v 63.050385 10.582972 13.242887
v 65.132156 10.582972 14.000591
v 65.132156 0.031764 14.000593
v 63.050385 0.031764 13.242887
v 63.050385 0.031764 13.242887
v 65.132156 0.031764 14.000593
v 64.865753 0.031764 14.732553
v 62.783974 0.031764 13.974848
v 62.783974 10.582972 13.974848
v 64.865746 10.582972 14.732552
v 65.132156 10.582972 14.000591
v 63.050385 10.582972 13.242887
v 52.661369 10.582972 9.461595
v 52.661369 0.031764 9.461596
v 52.394958 0.031764 10.193556
v 52.394955 10.582972 10.193555
v 54.743145 10.582972 10.219299
v 54.476734 10.582972 10.951260
v 54.476734 0.031764 10.951261
v 54.743145 0.031764 10.219301
v 52.661369 10.582972 9.461595
v 54.743145 10.582972 10.219299
v 54.743145 0.031764 10.219301
v 52.661369 0.031764 9.461596
v 52.661369 0.031764 9.461596
v 54.743145 0.031764 10.219301
v 54.476734 0.031764 10.951261
v 52.394958 0.031764 10.193556
v 52.394955 10.582972 10.193555
v 54.476734 10.582972 10.951260
v 54.743145 10.582972 10.219299
v 52.661369 10.582972 9.461595
v 79.880424 11.088525 21.003836
v 80.479561 31.111326 19.357712
v 36.082882 31.111326 3.198641
v 35.483742 11.088525 4.844765
v 80.297112 10.981936 19.858997
v 35.900429 10.981936 3.699926
v 36.499569 31.004738 2.053802
v 80.896248 31.004738 18.212873
v 79.880424 11.088525 21.003836
v 35.483742 11.088525 4.844765
v 35.900429 10.981936 3.699926
v 80.297112 10.981936 19.858997
v 35.483742 11.088525 4.844765
v 36.082882 31.111326 3.198641
v 36.499569 31.004738 2.053802
v 35.900429 10.981936 3.699926
v 36.082882 31.111326 3.198641
v 80.479561 31.111326 19.357712
v 80.896248 31.004738 18.212873
v 36.499569 31.004738 2.053802
v 80.479561 31.111326 19.357712
v 79.880424 11.088525 21.003836
v 80.297112 10.981936 19.858997
v 80.896248 31.004738 18.212873
vn -0.0000 -1.0000 -0.0000
vn -0.0000 1.0000 -0.0000
vn 0.3420 -0.0000 -0.9397
vn -0.9397 -0.0000 -0.3420
vn -0.3420 -0.0000 0.9397
vn 0.9397 -0.0000 0.3420
vn -0.6910 0.1398 -0.7092
vn -0.6910 -0.1397 -0.7092
vn -0.7472 -0.3659 -0.5549
vn -0.8381 -0.4523 -0.3051
vn -0.9290 -0.3659 -0.0553
vn -0.9852 -0.1398 0.0992
vn -0.9852 0.1397 0.0992
vn -0.9290 0.3659 -0.0552
vn -0.8381 0.4523 -0.3050
vn -0.7472 0.3659 -0.5548
vn -0.0831 0.9961 -0.0302
vn -0.2833 0.8059 0.5199
vn -0.1682 0.8086 0.5639
vn 0.0327 0.9994 0.0119
vn -0.2834 0.8058 0.5200
vn -0.4071 0.3078 0.8600
vn -0.2924 0.3088 0.9051
vn -0.1682 0.8085 0.5639
vn -0.4071 -0.3078 0.8600
vn -0.2924 -0.3088 0.9051
vn -0.2833 -0.8058 0.5199
vn -0.1682 -0.8085 0.5639
vn -0.0831 -0.9961 -0.0302
vn 0.0327 -0.9994 0.0119
vn 0.1172 -0.8059 -0.5804
vn 0.2336 -0.8085 -0.5401
vn 0.2409 -0.3078 -0.9204
vn 0.3578 -0.3088 -0.8813
vn 0.2409 0.3078 -0.9204
vn 0.3578 0.3088 -0.8813
vn 0.1172 0.8058 -0.5804
vn 0.2336 0.8085 -0.5401
vn 0.7863 0.5475 0.2862
vn 0.6763 0.4430 0.5886
vn 0.6082 0.1692 0.7755
vn 0.6083 -0.1692 0.7755
vn 0.6763 -0.4429 0.5886
vn 0.7863 -0.5475 0.2862
vn 0.8964 -0.4429 -0.0162
vn 0.9644 -0.1692 -0.2031
vn 0.9644 0.1692 -0.2031
vn 0.8964 0.4429 -0.0162
vn 0.0997 0.9944 0.0363
vn -0.1002 0.8045 0.5855
vn 0.1263 0.7620 0.6351
vn 0.3156 0.9419 0.1149
vn -0.1003 0.8044 0.5855
vn -0.2238 0.3073 0.9249
vn 0.0092 0.2911 0.9567
vn 0.1262 0.7620 0.6352
vn -0.2238 -0.3073 0.9249
vn 0.0092 -0.2911 0.9567
vn -0.1002 -0.8045 0.5855
vn 0.1263 -0.7620 0.6351
vn 0.0997 -0.9944 0.0363
vn 0.3156 -0.9419 0.1149
vn 0.2996 -0.8045 -0.5129
vn 0.5050 -0.7620 -0.4054
vn 0.4231 -0.3073 -0.8524
vn 0.6220 -0.2911 -0.7269
vn 0.4231 0.3073 -0.8524
vn 0.6220 0.2911 -0.7269
vn 0.2996 0.8045 -0.5130
vn 0.5050 0.7620 -0.4054
vn -0.4698 0.7729 0.4266
vn -0.2777 0.9553 -0.1011
vn -0.2632 0.9600 -0.0958
vn -0.4562 0.7766 0.4344
vn -0.0856 0.7729 -0.6287
vn -0.0702 0.7766 -0.6260
vn 0.0330 0.2952 -0.9549
vn 0.0490 0.2966 -0.9537
vn 0.0330 -0.2952 -0.9549
vn 0.0490 -0.2966 -0.9537
vn -0.0856 -0.7729 -0.6287
vn -0.0702 -0.7766 -0.6260
vn -0.2777 -0.9553 -0.1011
vn -0.2632 -0.9600 -0.0958
vn -0.4698 -0.7729 0.4266
vn -0.4562 -0.7766 0.4344
vn -0.5885 -0.2952 0.7527
vn -0.5755 -0.2966 0.7621
vn -0.5885 0.2952 0.7527
vn -0.5755 0.2966 0.7621
vn -0.4562 0.7766 0.4345
vn -0.2053 0.8670 0.4540
vn -0.0721 0.9935 0.0883
vn 0.0003 0.9451 0.3269
vn 0.2104 0.9451 -0.2502
vn 0.1941 0.7405 -0.6434
vn 0.2764 0.4094 -0.8695
vn 0.3803 0.5841 -0.7171
vn 0.4452 -0.0000 -0.8954
vn 0.2764 -0.4093 -0.8695
vn 0.1941 -0.7405 -0.6434
vn 0.3803 -0.5841 -0.7171
vn 0.2104 -0.9451 -0.2502
vn -0.0722 -0.9935 0.0882
vn -0.2053 -0.8670 0.4540
vn 0.0003 -0.9451 0.3269
vn -0.1696 -0.5841 0.7938
vn -0.3699 -0.2047 0.9062
vn -0.3699 0.2047 0.9063
vn -0.2345 -0.0000 0.9721
vn -0.1696 0.5841 0.7938
vn -0.4697 0.7729 0.4266
vn -0.2834 0.8059 0.5199
vn -0.1002 0.8045 0.5854
vn 0.6763 0.4429 0.5886
vn -0.4562 0.7767 0.4344
vn -0.0722 0.9935 0.0882
vn -0.2053 0.8670 0.4541
vn -0.8958 0.4424 0.0428
vn -0.8026 0.5175 -0.2967
vn -0.7012 0.4212 -0.5752
vn -0.7471 0.3659 -0.5549
vn -0.6295 0.1556 -0.7612
vn -0.6909 0.1398 -0.7093
vn -0.6295 -0.1556 -0.7612
vn -0.6909 -0.1398 -0.7093
vn -0.6991 -0.4244 -0.5754
vn -0.7471 -0.3659 -0.5549
vn -0.8004 -0.5206 -0.2971
vn -0.8381 -0.4523 -0.3050
vn -0.8928 -0.4475 0.0519
vn -0.9290 -0.3659 -0.0552
vn -0.9547 -0.1985 0.2219
vn -0.9578 0.1929 0.2131
vn -0.9852 0.1398 0.0992
vn 0.7610 0.6466 0.0534
vn 0.3920 -0.1280 -0.9110
vn -0.9350 0.0358 -0.3527
vn -0.2464 0.4785 0.8428
vn 0.9183 -0.0000 -0.3959
vn 0.1190 -0.9800 -0.1592
vn -0.9183 -0.0000 -0.3960
vn 0.1190 0.9800 -0.1592
vn 0.7585 -0.6496 0.0515
vn -0.2455 -0.4812 0.8415
vn -0.9335 -0.0456 -0.3556
vn 0.3924 0.1249 -0.9113
vn 0.4399 -0.4292 0.7888
vn -0.2020 0.6448 0.7372
vn -0.9774 -0.1281 -0.1681
vn 0.1878 -0.9238 -0.3338
vn 0.4496 0.4247 0.7858
vn 0.1898 0.9203 -0.3420
vn -0.9750 0.1105 -0.1930
vn -0.2008 -0.6518 0.7313
vn -0.1856 -0.8400 0.5098
vn 0.1753 -0.8586 -0.4817
vn -0.3117 -0.4113 0.8565
vn 0.3011 -0.4744 -0.8272
vn 0.3418 0.0364 -0.9391
vn -0.3418 -0.0364 0.9391
vn 0.3408 -0.0836 -0.9364
vn -0.3408 0.0836 0.9364
vn 0.1850 0.8411 -0.5083
vn -0.4003 0.9047 -0.1457
vn -0.1850 0.8411 0.5083
vn 0.4003 0.9047 0.1457
vn 0.1850 -0.8411 -0.5083
vn -0.4003 -0.9047 -0.1457
vn -0.1850 -0.8411 0.5083
vn 0.4003 -0.9047 0.1457
vn -0.3405 0.0955 0.9354
vn -0.0298 -0.9962 0.0819
vn 0.0298 0.9962 -0.0819
vn -0.1427 -0.9088 0.3920
vn 0.1349 -0.9189 -0.3707
vn -0.2593 -0.6519 0.7125
vn 0.2479 -0.6888 -0.6812
vn -0.3407 0.0872 0.9361
vn 0.3407 -0.0872 -0.9361
vt 0.000500 0.162713
vt 0.000500 0.349209
vt 0.448093 0.349209
vt 0.448093 0.162713
vt 0.460349 0.985565
vt 0.888994 0.985565
vt 0.888994 0.818018
vt 0.460349 0.818018
vt 0.000500 0.581456
vt 0.448093 0.581456
vt 0.448093 0.478752
vt 0.000500 0.478752
vt 0.223457 0.145078
vt 0.425646 0.145078
vt 0.425646 0.021310
vt 0.223457 0.021310
vt 0.000500 0.475781
vt 0.448093 0.475781
vt 0.448093 0.373076
vt 0.000500 0.373076
vt 0.000500 0.163831
vt 0.217322 0.163831
vt 0.217322 0.040063
vt 0.000500 0.040063
vt 0.438619 0.469278
vt 0.009974 0.469278
vt 0.426248 0.000500
vt 0.234310 0.000500
vt 0.438619 0.353155
vt 0.009974 0.353155
vt 0.203291 0.000500
vt 0.011353 0.000500
vt 0.888994 0.714998
vt 0.460349 0.714998
vt 0.460349 0.813703
vt 0.888994 0.813703
vt 0.957687 0.008967
vt 0.790139 0.008967
vt 0.790139 0.107672
vt 0.957687 0.107672
vt 0.429145 0.060062
vt 0.000500 0.060062
vt 0.000500 0.158767
vt 0.429145 0.158767
vt 0.785824 0.060062
vt 0.618276 0.060062
vt 0.618276 0.158767
vt 0.785824 0.158767
vt 0.822654 0.627687
vt 0.822654 0.634369
vt 0.826581 0.639775
vt 0.832936 0.641840
vt 0.839291 0.639775
vt 0.843219 0.634369
vt 0.843219 0.627687
vt 0.839291 0.622281
vt 0.832936 0.620217
vt 0.826581 0.622281
vt 0.833538 0.548644
vt 0.855414 0.546328
vt 0.856236 0.471329
vt 0.834415 0.468534
vt 0.655719 0.548483
vt 0.676562 0.546480
vt 0.676235 0.469187
vt 0.655436 0.466466
vt 0.696575 0.546403
vt 0.696079 0.471739
vt 0.716115 0.547062
vt 0.715571 0.473947
vt 0.735413 0.547711
vt 0.735040 0.475464
vt 0.754630 0.548018
vt 0.754602 0.476016
vt 0.773934 0.547876
vt 0.774285 0.475480
vt 0.793419 0.547458
vt 0.794049 0.473794
vt 0.813156 0.547326
vt 0.813971 0.471299
vt 0.762037 0.364868
vt 0.755277 0.360785
vt 0.752076 0.360518
vt 0.743483 0.364287
vt 0.746721 0.365710
vt 0.749001 0.367121
vt 0.751532 0.368292
vt 0.754505 0.368811
vt 0.757626 0.368378
vt 0.760389 0.367000
vt 0.821331 0.414588
vt 0.835847 0.400823
vt 0.820762 0.380740
vt 0.804592 0.387962
vt 0.669935 0.411221
vt 0.687390 0.418016
vt 0.699871 0.393336
vt 0.687278 0.383641
vt 0.704271 0.422922
vt 0.713471 0.399058
vt 0.720895 0.426588
vt 0.726764 0.403680
vt 0.737672 0.429069
vt 0.740388 0.407105
vt 0.754735 0.429947
vt 0.754435 0.408360
vt 0.771746 0.428974
vt 0.768283 0.407058
vt 0.788409 0.426016
vt 0.781320 0.403290
vt 0.804783 0.421196
vt 0.793362 0.397166
vt 0.833462 0.603325
vt 0.819801 0.592928
vt 0.810151 0.611487
vt 0.820555 0.617654
vt 0.803376 0.589770
vt 0.797434 0.608962
vt 0.786738 0.588930
vt 0.783271 0.607695
vt 0.770076 0.588789
vt 0.768301 0.607106
vt 0.753401 0.588757
vt 0.752911 0.606835
vt 0.736736 0.588607
vt 0.737357 0.606794
vt 0.720094 0.588408
vt 0.722029 0.607011
vt 0.703435 0.588463
vt 0.707204 0.607641
vt 0.686792 0.589644
vt 0.693334 0.609146
vt 0.670568 0.593924
vt 0.681062 0.612272
vt 0.809581 0.654083
vt 0.800617 0.651739
vt 0.796770 0.687978
vt 0.808475 0.687081
vt 0.793911 0.664777
vt 0.791095 0.664203
vt 0.790852 0.681607
vt 0.793559 0.682704
vt 0.786999 0.649640
vt 0.777485 0.648511
vt 0.773867 0.683803
vt 0.783980 0.684806
vt 0.770700 0.661996
vt 0.767899 0.661871
vt 0.766201 0.678958
vt 0.768856 0.678920
vt 0.763036 0.647692
vt 0.752560 0.647459
vt 0.751914 0.683059
vt 0.761458 0.683319
vt 0.746835 0.661195
vt 0.743944 0.661185
vt 0.744513 0.678427
vt 0.747238 0.678514
vt 0.737788 0.647489
vt 0.727266 0.647761
vt 0.730082 0.683013
vt 0.739599 0.682930
vt 0.722643 0.663967
vt 0.720898 0.664041
vt 0.722862 0.677589
vt 0.724539 0.677612
vt 0.713016 0.648847
vt 0.703399 0.650153
vt 0.707905 0.685273
vt 0.717847 0.683779
vt 0.699581 0.666756
vt 0.697712 0.667242
vt 0.698992 0.682016
vt 0.700798 0.681197
vt 0.836416 0.597154
vt 0.853462 0.557954
vt 0.854829 0.460088
vt 0.841085 0.412394
vt 0.807830 0.370155
vt 0.765543 0.363118
vt 0.728647 0.362621
vt 0.733116 0.364509
vt 0.809462 0.654104
vt 0.821802 0.614755
vt 0.689851 0.652152
vt 0.794478 0.702224
vt 0.804125 0.696927
vt 0.789722 0.697328
vt 0.781785 0.695336
vt 0.772083 0.694440
vt 0.761679 0.694054
vt 0.751050 0.693798
vt 0.740455 0.693685
vt 0.730057 0.693830
vt 0.720049 0.694375
vt 0.710846 0.695676
vt 0.695403 0.689402
vt 0.703639 0.698538
vt 0.752980 0.489460
vt 0.752980 0.496142
vt 0.756907 0.501547
vt 0.763262 0.503612
vt 0.769617 0.501547
vt 0.773545 0.496142
vt 0.773545 0.489460
vt 0.769617 0.484054
vt 0.763262 0.481989
vt 0.756907 0.484054
vt 0.629160 0.548644
vt 0.651037 0.546328
vt 0.651859 0.471329
vt 0.630038 0.468533
vt 0.456969 0.548483
vt 0.477813 0.546480
vt 0.477486 0.469187
vt 0.456687 0.466466
vt 0.492198 0.546403
vt 0.491702 0.471739
vt 0.511738 0.547062
vt 0.511194 0.473947
vt 0.531036 0.547711
vt 0.530663 0.475464
vt 0.550253 0.548018
vt 0.550225 0.476016
vt 0.569557 0.547876
vt 0.569908 0.475480
vt 0.589041 0.547458
vt 0.589672 0.473794
vt 0.608778 0.547325
vt 0.609594 0.471299
vt 0.557660 0.364867
vt 0.550899 0.360785
vt 0.547698 0.360518
vt 0.539105 0.364287
vt 0.542343 0.365709
vt 0.544623 0.367120
vt 0.547154 0.368292
vt 0.550127 0.368811
vt 0.553249 0.368378
vt 0.556012 0.367000
vt 0.616954 0.414588
vt 0.631470 0.400823
vt 0.616385 0.380740
vt 0.600215 0.387962
vt 0.465558 0.411221
vt 0.483013 0.418016
vt 0.495493 0.393336
vt 0.482901 0.383641
vt 0.499894 0.422922
vt 0.509093 0.399058
vt 0.516518 0.426588
vt 0.522387 0.403679
vt 0.533295 0.429069
vt 0.536011 0.407105
vt 0.550358 0.429947
vt 0.550057 0.408360
vt 0.567369 0.428974
vt 0.563905 0.407057
vt 0.584031 0.426016
vt 0.576943 0.403289
vt 0.600406 0.421196
vt 0.588984 0.397166
vt 0.629085 0.603325
vt 0.615424 0.592928
vt 0.605774 0.611487
vt 0.616178 0.617654
vt 0.598999 0.589770
vt 0.593057 0.608962
vt 0.582361 0.588930
vt 0.578894 0.607695
vt 0.565699 0.588789
vt 0.563924 0.607106
vt 0.549023 0.588757
vt 0.548534 0.606835
vt 0.532359 0.588607
vt 0.532979 0.606793
vt 0.515716 0.588408
vt 0.517652 0.607011
vt 0.499057 0.588463
vt 0.502827 0.607641
vt 0.482415 0.589644
vt 0.488957 0.609146
vt 0.466191 0.593924
vt 0.476685 0.612272
vt 0.605204 0.654083
vt 0.596240 0.651739
vt 0.592392 0.687978
vt 0.604097 0.687082
vt 0.589534 0.664777
vt 0.586718 0.664203
vt 0.586474 0.681607
vt 0.589181 0.682704
vt 0.582621 0.649640
vt 0.573107 0.648511
vt 0.569490 0.683803
vt 0.579603 0.684806
vt 0.566322 0.661996
vt 0.563522 0.661871
vt 0.561823 0.678958
vt 0.564478 0.678920
vt 0.558659 0.647692
vt 0.548183 0.647459
vt 0.547537 0.683059
vt 0.557081 0.683319
vt 0.542457 0.661195
vt 0.539567 0.661185
vt 0.540135 0.678427
vt 0.542861 0.678514
vt 0.533411 0.647489
vt 0.522889 0.647761
vt 0.525704 0.683013
vt 0.535222 0.682930
vt 0.518266 0.663967
vt 0.516520 0.664041
vt 0.518484 0.677589
vt 0.520161 0.677612
vt 0.508638 0.648847
vt 0.499021 0.650153
vt 0.503527 0.685273
vt 0.513470 0.683779
vt 0.495203 0.666756
vt 0.493335 0.667242
vt 0.494615 0.682016
vt 0.496420 0.681196
vt 0.632039 0.597154
vt 0.649085 0.557953
vt 0.650452 0.460088
vt 0.636707 0.412394
vt 0.603453 0.370155
vt 0.561166 0.363118
vt 0.524269 0.362620
vt 0.528739 0.364509
vt 0.605085 0.654104
vt 0.617425 0.614755
vt 0.485474 0.652152
vt 0.590100 0.702224
vt 0.599747 0.696927
vt 0.585344 0.697328
vt 0.577407 0.695336
vt 0.567705 0.694440
vt 0.557301 0.694054
vt 0.546673 0.693798
vt 0.536078 0.693684
vt 0.525680 0.693830
vt 0.515671 0.694375
vt 0.506469 0.695676
vt 0.491026 0.689401
vt 0.499261 0.698538
vt 0.765174 0.349209
vt 0.773282 0.349209
vt 0.773281 0.171192
vt 0.765174 0.171192
vt 0.794453 0.206406
vt 0.859794 0.171191
vt 0.794454 0.319720
vt 0.859795 0.349209
vt 0.744002 0.319720
vt 0.678661 0.349209
vt 0.744002 0.206406
vt 0.678661 0.171191
vt 0.892328 0.913885
vt 0.900375 0.913885
vt 0.900375 0.800355
vt 0.892328 0.800355
vt 0.892328 0.985565
vt 0.900375 0.985565
vt 0.900375 0.726155
vt 0.892328 0.726155
vt 0.561102 0.358499
vt 0.575165 0.358499
vt 0.575165 0.185205
vt 0.561102 0.185205
vt 0.675919 0.358499
vt 0.675919 0.185205
vt 0.460349 0.185205
vt 0.460349 0.358499
vt 0.804074 0.362319
vt 0.804074 0.363144
vt 0.839401 0.363144
vt 0.839401 0.362319
vt 0.813364 0.655231
vt 0.847331 0.655231
vt 0.847331 0.656024
vt 0.813364 0.656024
vt 0.846685 0.702224
vt 0.846685 0.684352
vt 0.813364 0.684352
vt 0.813364 0.702224
vt 0.654495 0.056578
vt 0.655150 0.038658
vt 0.652303 0.038660
vt 0.651648 0.056578
vt 0.685719 0.047468
vt 0.685719 0.030080
vt 0.653228 0.030080
vt 0.653228 0.047468
vt 0.696097 0.056578
vt 0.695442 0.038660
vt 0.692595 0.038658
vt 0.693251 0.056578
vt 0.813364 0.673155
vt 0.847331 0.673155
vt 0.653638 0.018090
vt 0.650791 0.018090
vt 0.652298 0.036011
vt 0.655145 0.036008
vt 0.685719 0.017553
vt 0.653228 0.017553
vt 0.653228 0.034991
vt 0.685719 0.034991
vt 0.696954 0.018090
vt 0.694108 0.018090
vt 0.692600 0.036008
vt 0.695447 0.036011
vt 0.814688 0.674021
vt 0.813364 0.674355
vt 0.847331 0.674355
vt 0.846007 0.674021
vt 0.653259 0.037335
vt 0.654191 0.037333
vt 0.654495 0.036000
vt 0.684452 0.036000
vt 0.693554 0.037333
vt 0.694487 0.037335
vt 0.914126 0.799201
vt 0.910907 0.795948
vt 0.910909 0.985565
vt 0.914127 0.982375
vt 0.941692 0.799201
vt 0.941690 0.982375
vt 0.944909 0.985565
vt 0.944910 0.795948
vt 0.956788 0.803015
vt 0.953601 0.799441
vt 0.948067 0.984872
vt 0.955614 0.985565
vt 0.984089 0.803015
vt 0.985262 0.985565
vt 0.992810 0.984872
vt 0.987275 0.799441
vt 0.871483 0.999500
vt 0.871483 0.997824
vt 0.836588 0.997824
vt 0.836588 0.999500
vt 0.766914 0.362319
vt 0.766914 0.363144
vt 0.802241 0.363144
vt 0.802241 0.362319
vt 0.910907 0.766709
vt 0.944875 0.766709
vt 0.944875 0.767502
vt 0.910907 0.767502
vt 0.944229 0.762608
vt 0.944229 0.744736
vt 0.910907 0.744736
vt 0.910907 0.762608
vt 0.668429 0.056578
vt 0.669085 0.038658
vt 0.666238 0.038660
vt 0.665583 0.056578
vt 0.684815 0.056578
vt 0.684815 0.038725
vt 0.651454 0.038725
vt 0.651454 0.056578
vt 0.682162 0.056578
vt 0.681507 0.038660
vt 0.678661 0.038658
vt 0.679316 0.056578
vt 0.910907 0.784634
vt 0.944875 0.784634
vt 0.667572 0.018090
vt 0.664726 0.018090
vt 0.666233 0.036011
vt 0.669080 0.036008
vt 0.684815 0.018748
vt 0.651454 0.018748
vt 0.651454 0.036652
vt 0.684815 0.036652
vt 0.683019 0.018090
vt 0.680173 0.018090
vt 0.678666 0.036008
vt 0.681512 0.036011
vt 0.912232 0.785500
vt 0.910907 0.785833
vt 0.944875 0.785833
vt 0.943550 0.785500
vt 0.667193 0.037335
vt 0.668126 0.037333
vt 0.652755 0.037688
vt 0.683515 0.037688
vt 0.679619 0.037333
vt 0.680552 0.037335
vt 0.546862 0.181991
vt 0.554970 0.181991
vt 0.554969 0.003974
vt 0.546862 0.003974
vt 0.593003 0.050036
vt 0.641483 0.003974
vt 0.593004 0.140310
vt 0.641483 0.181991
vt 0.508828 0.140310
vt 0.460349 0.181991
vt 0.508828 0.050036
vt 0.460349 0.003974
vt 0.901618 0.921641
vt 0.909697 0.921641
vt 0.909697 0.831252
vt 0.901618 0.831252
vt 0.901618 0.985565
vt 0.909697 0.985565
vt 0.909697 0.764399
vt 0.901618 0.764399
vt 0.965261 0.012860
vt 0.962002 0.009599
vt 0.962002 0.116962
vt 0.965261 0.113701
vt 0.984716 0.012860
vt 0.984716 0.113701
vt 0.987975 0.116962
vt 0.987975 0.009599
vt 0.802688 0.217237
vt 0.799429 0.213976
vt 0.799429 0.321339
vt 0.802688 0.318078
vt 0.822143 0.217237
vt 0.822143 0.318078
vt 0.825402 0.321339
vt 0.825402 0.213976
vt 0.323707 0.010546
vt 0.323707 0.111387
vt 0.326966 0.114648
vt 0.326966 0.007285
vt 0.304252 0.010546
vt 0.300993 0.007285
vt 0.300993 0.114648
vt 0.304252 0.111387
vt 0.850012 0.217237
vt 0.850012 0.318078
vt 0.853271 0.321339
vt 0.853271 0.213976
vt 0.830558 0.217237
vt 0.827299 0.213976
vt 0.827299 0.321339
vt 0.830558 0.318078
vt 0.448107 0.776543
vt 0.448107 0.586123
vt 0.000500 0.586123
vt 0.000500 0.776543
vt 0.000500 0.985565
vt 0.448107 0.985565
vt 0.448107 0.795145
vt 0.000500 0.795145
vt 0.448107 0.778892
vt 0.000500 0.778892
vt 0.000500 0.790478
vt 0.448107 0.790478
vt 0.834309 0.988153
vt 0.643370 0.988152
vt 0.643370 0.999500
vt 0.834309 0.999500
vt 0.196084 0.988152
vt 0.196084 0.999500
vt 0.005145 0.988152
vt 0.005145 0.999500
s 0
usemtl Material_28
f 201/105/15 202/106/15 203/107/15
f 203/107/15 204/108/15 201/105/15
f 205/109/16 206/110/16 207/111/16
f 207/111/16 208/112/16 205/109/16
f 209/113/17 210/114/17 211/115/17
f 211/115/17 212/116/17 209/113/17
f 213/117/18 214/118/18 215/119/18
f 215/119/18 216/120/18 213/117/18
f 217/121/19 218/122/19 219/123/19
f 219/123/19 220/124/19 217/121/19
f 221/125/20 222/126/20 223/127/20
f 223/127/20 224/128/20 221/125/20
f 225/116/16 226/115/16 227/129/16
f 227/129/16 228/130/16 225/116/16
f 229/120/16 230/119/16 231/131/16
f 231/131/16 232/132/16 229/120/16
f 233/124/16 234/123/16 235/133/16
f 235/133/16 236/134/16 233/124/16
f 237/128/16 238/127/16 239/135/16
f 239/135/16 240/136/16 237/128/16
f 241/137/19 242/138/19 243/139/19
f 243/139/19 244/140/19 241/137/19
f 245/141/20 246/142/20 247/143/20
f 247/143/20 248/144/20 245/141/20
f 249/145/17 250/146/17 251/147/17
f 251/147/17 252/148/17 249/145/17
f 253/149/18 254/150/18 255/151/18
f 255/151/18 256/152/18 253/149/18
s 1
f 257/153/21 258/154/22 259/155/23
f 259/155/23 260/156/24 261/157/25
f 261/157/25 262/158/26 263/159/27
f 263/159/27 264/160/28 265/161/29
f 261/157/25 263/159/27 265/161/29
f 259/155/23 261/157/25 265/161/29
f 257/153/21 259/155/23 265/161/29
f 266/162/30 257/153/21 265/161/29
f 267/163/31 268/164/32 269/165/33
f 269/165/33 270/166/34 267/163/31
f 271/167/35 272/168/36 273/169/37
f 273/169/37 274/170/38 271/167/35
f 272/168/36 275/171/39 276/172/40
f 276/172/40 273/169/37 272/168/36
f 275/171/39 277/173/41 278/174/42
f 278/174/42 276/172/40 275/171/39
f 277/173/41 279/175/43 280/176/44
f 280/176/44 278/174/42 277/173/41
f 279/175/43 281/177/45 282/178/46
f 282/178/46 280/176/44 279/175/43
f 281/177/45 283/179/47 284/180/48
f 284/180/48 282/178/46 281/177/45
f 283/179/47 285/181/49 286/182/50
f 286/182/50 284/180/48 283/179/47
f 285/181/49 287/183/51 288/184/52
f 288/184/52 286/182/50 285/181/49
f 287/183/51 267/163/31 270/166/34
f 270/166/34 288/184/52 287/183/51
f 289/185/53 290/186/54 291/187/55
f 291/187/55 292/188/56 293/189/57
f 293/189/57 294/190/58 295/191/59
f 295/191/59 296/192/60 297/193/61
f 293/189/57 295/191/59 297/193/61
f 291/187/55 293/189/57 297/193/61
f 289/185/53 291/187/55 297/193/61
f 298/194/62 289/185/53 297/193/61
f 299/195/63 300/196/64 301/197/65
f 301/197/65 302/198/66 299/195/63
f 303/199/67 304/200/68 305/201/69
f 305/201/69 306/202/70 303/199/67
f 304/200/68 307/203/71 308/204/72
f 308/204/72 305/201/69 304/200/68
f 307/203/71 309/205/73 310/206/74
f 310/206/74 308/204/72 307/203/71
f 309/205/73 311/207/75 312/208/76
f 312/208/76 310/206/74 309/205/73
f 311/207/75 313/209/77 314/210/78
f 314/210/78 312/208/76 311/207/75
f 313/209/77 315/211/79 316/212/80
f 316/212/80 314/210/78 313/209/77
f 315/211/79 317/213/81 318/214/82
f 318/214/82 316/212/80 315/211/79
f 317/213/81 319/215/83 320/216/84
f 320/216/84 318/214/82 317/213/81
f 319/215/83 299/195/63 302/198/66
f 302/198/66 320/216/84 319/215/83
f 321/217/85 322/218/86 323/219/87
f 323/219/87 324/220/88 321/217/85
f 322/218/86 325/221/89 326/222/90
f 326/222/90 323/219/87 322/218/86
f 325/221/89 327/223/91 328/224/92
f 328/224/92 326/222/90 325/221/89
f 327/223/91 329/225/93 330/226/94
f 330/226/94 328/224/92 327/223/91
f 329/225/93 331/227/95 332/228/96
f 332/228/96 330/226/94 329/225/93
f 331/227/95 333/229/97 334/230/98
f 334/230/98 332/228/96 331/227/95
f 333/229/97 335/231/99 336/232/100
f 336/232/100 334/230/98 333/229/97
f 335/231/99 337/233/101 338/234/102
f 338/234/102 336/232/100 335/231/99
f 337/233/101 339/235/103 340/236/104
f 340/236/104 338/234/102 337/233/101
f 339/235/103 341/237/85 342/238/105
f 342/238/105 340/236/104 339/235/103
f 343/239/106 344/240/107 345/241/108
f 345/241/108 346/242/108 343/239/106
s 0
f 347/243/109 348/244/109 349/245/109
f 349/245/109 350/246/109 347/243/109
s 1
f 351/247/110 352/248/111 353/249/112
f 353/249/112 354/250/112 351/247/110
s 0
f 355/251/113 356/252/113 357/253/113
f 357/253/113 358/254/113 355/251/113
s 1
f 359/255/114 360/256/115 361/257/116
f 361/257/116 362/258/116 359/255/114
s 0
f 363/259/117 364/260/117 365/261/117
f 365/261/117 366/262/117 363/259/117
s 1
f 367/263/118 368/264/119 369/265/120
f 369/265/120 370/266/120 367/263/118
s 0
f 371/267/121 372/268/121 373/269/121
f 373/269/121 374/270/121 371/267/121
s 1
f 375/271/122 376/272/123 377/273/124
f 377/273/124 378/274/124 375/271/122
s 0
f 379/275/125 380/276/125 381/277/125
f 381/277/125 382/278/125 379/275/125
s 1
f 383/279/126 384/280/127 267/163/31
f 267/163/31 322/218/86 383/279/126
f 339/235/103 272/168/36 271/167/35
f 271/167/35 341/237/85 339/235/103
f 337/233/101 275/171/39 272/168/36
f 272/168/36 339/235/103 337/233/101
f 335/231/99 277/173/41 275/171/39
f 275/171/39 337/233/101 335/231/99
f 333/229/97 279/175/43 277/173/41
f 277/173/41 335/231/99 333/229/97
f 331/227/95 281/177/45 279/175/43
f 279/175/43 333/229/97 331/227/95
f 329/225/93 283/179/47 281/177/45
f 281/177/45 331/227/95 329/225/93
f 327/223/91 285/181/49 283/179/47
f 283/179/47 329/225/93 327/223/91
f 325/221/89 287/183/51 285/181/49
f 285/181/49 327/223/91 325/221/89
f 322/218/86 267/163/31 287/183/51
f 287/183/51 325/221/89 322/218/86
f 299/195/63 270/166/34 385/281/33
f 385/281/33 386/282/128 299/195/63
f 303/199/67 274/170/38 273/169/37
f 273/169/37 304/200/68 303/199/67
f 304/200/68 273/169/37 276/172/40
f 276/172/40 307/203/71 304/200/68
f 307/203/71 276/172/40 278/174/42
f 278/174/42 309/205/73 307/203/71
f 309/205/73 278/174/42 280/176/44
f 280/176/44 311/207/75 309/205/73
f 311/207/75 280/176/44 282/178/46
f 282/178/46 313/209/77 311/207/75
f 313/209/77 282/178/46 284/180/48
f 284/180/48 315/211/79 313/209/77
f 315/211/79 284/180/48 286/182/50
f 286/182/50 317/213/81 315/211/79
f 317/213/81 286/182/50 288/184/52
f 288/184/52 319/215/83 317/213/81
f 319/215/83 288/184/52 270/166/34
f 270/166/34 299/195/63 319/215/83
f 289/185/53 302/198/66 387/283/65
f 387/283/65 388/284/129 289/185/53
f 389/285/129 306/202/70 305/201/69
f 305/201/69 390/286/55 389/285/129
f 390/286/55 305/201/69 308/204/72
f 308/204/72 292/188/56 390/286/55
f 292/188/56 308/204/72 310/206/74
f 310/206/74 293/189/57 292/188/56
f 293/189/57 310/206/74 312/208/76
f 312/208/76 294/190/58 293/189/57
f 294/190/58 312/208/76 314/210/78
f 314/210/78 295/191/59 294/190/58
f 295/191/59 314/210/78 316/212/80
f 316/212/80 296/192/60 295/191/59
f 296/192/60 316/212/80 318/214/82
f 318/214/82 297/193/61 296/192/60
f 297/193/61 318/214/82 320/216/84
f 320/216/84 298/194/62 297/193/61
f 298/194/62 320/216/84 302/198/66
f 302/198/66 289/185/53 298/194/62
f 391/287/106 392/288/130 323/219/87
f 323/219/87 344/240/131 391/287/106
f 344/240/131 323/219/87 326/222/90
f 326/222/90 351/247/110 344/240/131
f 351/247/110 326/222/90 328/224/92
f 328/224/92 352/248/111 351/247/110
f 352/248/111 328/224/92 330/226/94
f 330/226/94 359/255/114 352/248/111
f 359/255/114 330/226/94 332/228/96
f 332/228/96 360/256/115 359/255/114
f 360/256/115 332/228/96 334/230/98
f 334/230/98 367/263/118 360/256/115
f 367/263/118 334/230/98 336/232/100
f 336/232/100 368/264/119 367/263/118
f 368/264/119 336/232/100 338/234/102
f 338/234/102 375/271/122 368/264/119
f 375/271/122 338/234/102 340/236/104
f 340/236/104 376/272/123 375/271/122
f 376/272/123 340/236/104 342/238/105
f 342/238/105 393/289/132 376/272/123
f 394/290/28 395/291/133 396/241/134
f 396/241/134 397/292/29 394/290/28
f 397/292/29 396/241/134 398/250/135
f 398/250/135 399/293/136 397/292/29
f 399/293/136 398/250/135 400/249/137
f 400/249/137 401/294/138 399/293/136
f 401/294/138 400/249/137 402/258/139
f 402/258/139 403/295/140 401/294/138
f 403/295/140 402/258/139 404/257/141
f 404/257/141 405/296/142 403/295/140
f 405/296/142 404/257/141 406/266/143
f 406/266/143 407/297/144 405/296/142
f 407/297/144 406/266/143 408/265/145
f 408/265/145 409/298/146 407/297/144
f 409/298/146 408/265/145 410/274/147
f 410/274/147 411/299/26 409/298/146
f 411/299/26 410/274/147 412/273/148
f 412/273/148 413/300/149 411/299/26
f 413/300/149 412/273/148 414/301/133
f 414/301/133 415/302/28 413/300/149
s 0
f 416/240/150 417/247/150 418/244/150
f 418/244/150 419/243/150 416/240/150
f 420/247/151 421/250/151 422/245/151
f 422/245/151 423/244/151 420/247/151
s 1
f 398/250/135 396/241/134 424/246/152
f 424/246/152 425/245/152 398/250/135
s 0
f 426/241/153 427/240/153 428/243/153
f 428/243/153 429/246/153 426/241/153
f 430/248/154 431/255/154 432/252/154
f 432/252/154 433/251/154 430/248/154
f 434/255/155 435/258/155 436/253/155
f 436/253/155 437/252/155 434/255/155
s 1
f 402/258/139 400/249/137 438/254/156
f 438/254/156 439/253/156 402/258/139
s 0
f 440/249/157 441/248/157 442/251/157
f 442/251/157 443/254/157 440/249/157
f 444/256/158 445/263/158 446/260/158
f 446/260/158 447/259/158 444/256/158
f 448/263/159 449/266/159 450/261/159
f 450/261/159 451/260/159 448/263/159
s 1
f 406/266/143 404/257/141 452/262/160
f 452/262/160 453/261/160 406/266/143
s 0
f 454/257/161 455/256/161 456/259/161
f 456/259/161 457/262/161 454/257/161
s 1
f 458/264/162 459/271/162 460/268/162
s 0
f 460/268/162 461/267/162 458/264/162
f 462/271/163 463/274/163 464/269/163
s 1
f 464/269/163 465/268/163 462/271/163
f 410/274/147 408/265/145 466/270/164
f 466/270/164 467/269/164 410/274/147
s 0
f 468/265/165 469/264/165 470/267/165
f 470/267/165 471/270/165 468/265/165
s 1
f 472/272/166 473/289/166 474/276/166
f 474/276/166 475/275/166 472/272/166
s 0
f 476/289/167 477/301/167 478/277/167
f 478/277/167 479/276/167 476/289/167
s 1
f 414/301/133 412/273/148 480/278/168
f 480/278/168 481/277/168 414/301/133
s 0
f 482/273/169 483/272/169 484/275/169
f 484/275/169 485/278/169 482/273/169
s 1
f 486/303/21 487/304/22 488/305/23
f 488/305/23 489/306/24 490/307/25
f 490/307/25 491/308/26 492/309/27
f 492/309/27 493/310/28 494/311/29
f 490/307/25 492/309/27 494/311/29
f 488/305/23 490/307/25 494/311/29
f 486/303/21 488/305/23 494/311/29
f 495/312/30 486/303/21 494/311/29
f 496/313/31 497/314/32 498/315/33
f 498/315/33 499/316/34 496/313/31
f 500/317/35 501/318/36 502/319/37
f 502/319/37 503/320/38 500/317/35
f 501/318/36 504/321/39 505/322/40
f 505/322/40 502/319/37 501/318/36
f 504/321/39 506/323/41 507/324/42
f 507/324/42 505/322/40 504/321/39
f 506/323/41 508/325/43 509/326/44
f 509/326/44 507/324/42 506/323/41
f 508/325/43 510/327/45 511/328/46
f 511/328/46 509/326/44 508/325/43
f 510/327/45 512/329/47 513/330/48
f 513/330/48 511/328/46 510/327/45
f 512/329/47 514/331/49 515/332/50
f 515/332/50 513/330/48 512/329/47
f 514/331/49 516/333/51 517/334/52
f 517/334/52 515/332/50 514/331/49
f 516/333/51 496/313/31 499/316/34
f 499/316/34 517/334/52 516/333/51
f 518/335/53 519/336/54 520/337/55
f 520/337/55 521/338/56 522/339/57
f 522/339/57 523/340/58 524/341/59
f 524/341/59 525/342/60 526/343/61
f 522/339/57 524/341/59 526/343/61
f 520/337/55 522/339/57 526/343/61
f 518/335/53 520/337/55 526/343/61
f 527/344/62 518/335/53 526/343/61
f 528/345/63 529/346/64 530/347/65
f 530/347/65 531/348/66 528/345/63
f 532/349/67 533/350/68 534/351/69
f 534/351/69 535/352/70 532/349/67
f 533/350/68 536/353/71 537/354/72
f 537/354/72 534/351/69 533/350/68
f 536/353/71 538/355/73 539/356/74
f 539/356/74 537/354/72 536/353/71
f 538/355/73 540/357/75 541/358/76
f 541/358/76 539/356/74 538/355/73
f 540/357/75 542/359/77 543/360/78
f 543/360/78 541/358/76 540/357/75
f 542/359/77 544/361/79 545/362/80
f 545/362/80 543/360/78 542/359/77
f 544/361/79 546/363/81 547/364/82
f 547/364/82 545/362/80 544/361/79
f 546/363/81 548/365/83 549/366/84
f 549/366/84 547/364/82 546/363/81
f 548/365/83 528/345/63 531/348/66
f 531/348/66 549/366/84 548/365/83
f 550/367/85 551/368/86 552/369/87
f 552/369/87 553/370/88 550/367/85
f 551/368/86 554/371/89 555/372/90
f 555/372/90 552/369/87 551/368/86
f 554/371/89 556/373/91 557/374/92
f 557/374/92 555/372/90 554/371/89
f 556/373/91 558/375/93 559/376/94
f 559/376/94 557/374/92 556/373/91
f 558/375/93 560/377/95 561/378/96
f 561/378/96 559/376/94 558/375/93
f 560/377/95 562/379/97 563/380/98
f 563/380/98 561/378/96 560/377/95
f 562/379/97 564/381/99 565/382/100
f 565/382/100 563/380/98 562/379/97
f 564/381/99 566/383/101 567/384/102
f 567/384/102 565/382/100 564/381/99
f 566/383/101 568/385/103 569/386/104
f 569/386/104 567/384/102 566/383/101
f 568/385/103 570/387/85 571/388/105
f 571/388/105 569/386/104 568/385/103
f 572/389/106 573/390/107 574/391/108
f 574/391/108 575/392/108 572/389/106
s 0
f 576/393/109 577/394/109 578/395/109
f 578/395/109 579/396/109 576/393/109
s 1
f 580/397/110 581/398/111 582/399/112
f 582/399/112 583/400/112 580/397/110
s 0
f 584/401/113 585/402/113 586/403/113
f 586/403/113 587/404/113 584/401/113
s 1
f 588/405/114 589/406/115 590/407/116
f 590/407/116 591/408/116 588/405/114
s 0
f 592/409/117 593/410/117 594/411/117
f 594/411/117 595/412/117 592/409/117
s 1
f 596/413/118 597/414/119 598/415/120
f 598/415/120 599/416/120 596/413/118
s 0
f 600/417/121 601/418/121 602/419/121
f 602/419/121 603/420/121 600/417/121
s 1
f 604/421/122 605/422/123 606/423/124
f 606/423/124 607/424/124 604/421/122
s 0
f 608/425/125 609/426/125 610/427/125
f 610/427/125 611/428/125 608/425/125
s 1
f 612/429/126 613/430/127 496/313/31
f 496/313/31 551/368/86 612/429/126
f 568/385/103 501/318/36 500/317/35
f 500/317/35 570/387/85 568/385/103
f 566/383/101 504/321/39 501/318/36
f 501/318/36 568/385/103 566/383/101
f 564/381/99 506/323/41 504/321/39
f 504/321/39 566/383/101 564/381/99
f 562/379/97 508/325/43 506/323/41
f 506/323/41 564/381/99 562/379/97
f 560/377/95 510/327/45 508/325/43
f 508/325/43 562/379/97 560/377/95
f 558/375/93 512/329/47 510/327/45
f 510/327/45 560/377/95 558/375/93
f 556/373/91 514/331/49 512/329/47
f 512/329/47 558/375/93 556/373/91
f 554/371/89 516/333/51 514/331/49
f 514/331/49 556/373/91 554/371/89
f 551/368/86 496/313/31 516/333/51
f 516/333/51 554/371/89 551/368/86
f 528/345/63 499/316/34 614/431/33
f 614/431/33 615/432/128 528/345/63
f 532/349/67 503/320/38 502/319/37
f 502/319/37 533/350/68 532/349/67
f 533/350/68 502/319/37 505/322/40
f 505/322/40 536/353/71 533/350/68
f 536/353/71 505/322/40 507/324/42
f 507/324/42 538/355/73 536/353/71
f 538/355/73 507/324/42 509/326/44
f 509/326/44 540/357/75 538/355/73
f 540/357/75 509/326/44 511/328/46
f 511/328/46 542/359/77 540/357/75
f 542/359/77 511/328/46 513/330/48
f 513/330/48 544/361/79 542/359/77
f 544/361/79 513/330/48 515/332/50
f 515/332/50 546/363/81 544/361/79
f 546/363/81 515/332/50 517/334/52
f 517/334/52 548/365/83 546/363/81
f 548/365/83 517/334/52 499/316/34
f 499/316/34 528/345/63 548/365/83
f 518/335/53 531/348/66 616/433/65
f 616/433/65 617/434/129 518/335/53
f 618/435/129 535/352/70 534/351/69
f 534/351/69 619/436/55 618/435/129
f 619/436/55 534/351/69 537/354/72
f 537/354/72 521/338/56 619/436/55
f 521/338/56 537/354/72 539/356/74
f 539/356/74 522/339/57 521/338/56
f 522/339/57 539/356/74 541/358/76
f 541/358/76 523/340/58 522/339/57
f 523/340/58 541/358/76 543/360/78
f 543/360/78 524/341/59 523/340/58
f 524/341/59 543/360/78 545/362/80
f 545/362/80 525/342/60 524/341/59
f 525/342/60 545/362/80 547/364/82
f 547/364/82 526/343/61 525/342/60
f 526/343/61 547/364/82 549/366/84
f 549/366/84 527/344/62 526/343/61
f 527/344/62 549/366/84 531/348/66
f 531/348/66 518/335/53 527/344/62
f 620/437/106 621/438/130 552/369/87
f 552/369/87 573/390/131 620/437/106
f 573/390/131 552/369/87 555/372/90
f 555/372/90 580/397/110 573/390/131
f 580/397/110 555/372/90 557/374/92
f 557/374/92 581/398/111 580/397/110
f 581/398/111 557/374/92 559/376/94
f 559/376/94 588/405/114 581/398/111
f 588/405/114 559/376/94 561/378/96
f 561/378/96 589/406/115 588/405/114
f 589/406/115 561/378/96 563/380/98
f 563/380/98 596/413/118 589/406/115
f 596/413/118 563/380/98 565/382/100
f 565/382/100 597/414/119 596/413/118
f 597/414/119 565/382/100 567/384/102
f 567/384/102 604/421/122 597/414/119
f 604/421/122 567/384/102 569/386/104
f 569/386/104 605/422/123 604/421/122
f 605/422/123 569/386/104 571/388/105
f 571/388/105 622/439/132 605/422/123
f 623/440/28 624/441/133 625/391/134
f 625/391/134 626/442/29 623/440/28
f 626/442/29 625/391/134 627/400/135
f 627/400/135 628/443/136 626/442/29
f 628/443/136 627/400/135 629/399/137
f 629/399/137 630/444/138 628/443/136
f 630/444/138 629/399/137 631/408/139
f 631/408/139 632/445/140 630/444/138
f 632/445/140 631/408/139 633/407/141
f 633/407/141 634/446/142 632/445/140
f 634/446/142 633/407/141 635/416/143
f 635/416/143 636/447/144 634/446/142
f 636/447/144 635/416/143 637/415/145
f 637/415/145 638/448/146 636/447/144
f 638/448/146 637/415/145 639/424/147
f 639/424/147 640/449/26 638/448/146
f 640/449/26 639/424/147 641/423/148
f 641/423/148 642/450/149 640/449/26
f 642/450/149 641/423/148 643/451/133
f 643/451/133 644/452/28 642/450/149
s 0
f 645/390/150 646/397/150 647/394/150
f 647/394/150 648/393/150 645/390/150
f 649/397/151 650/400/151 651/395/151
f 651/395/151 652/394/151 649/397/151
s 1
f 627/400/135 625/391/134 653/396/152
f 653/396/152 654/395/152 627/400/135
s 0
f 655/391/153 656/390/153 657/393/153
f 657/393/153 658/396/153 655/391/153
s 1
f 659/398/154 660/405/154 661/402/154
s 0
f 661/402/154 662/401/154 659/398/154
f 663/405/155 664/408/155 665/403/155
f 665/403/155 666/402/155 663/405/155
s 1
f 631/408/139 629/399/137 667/404/156
f 667/404/156 668/403/156 631/408/139
s 0
f 669/399/157 670/398/157 671/401/157
f 671/401/157 672/404/157 669/399/157
s 1
f 673/406/158 674/413/158 675/410/158
s 0
f 675/410/158 676/409/158 673/406/158
f 677/413/159 678/416/159 679/411/159
f 679/411/159 680/410/159 677/413/159
s 1
f 635/416/143 633/407/141 681/412/160
f 681/412/160 682/411/160 635/416/143
s 0
f 683/407/161 684/406/161 685/409/161
f 685/409/161 686/412/161 683/407/161
f 687/414/162 688/421/162 689/418/162
f 689/418/162 690/417/162 687/414/162
f 691/421/163 692/424/163 693/419/163
f 693/419/163 694/418/163 691/421/163
s 1
f 639/424/147 637/415/145 695/420/164
f 695/420/164 696/419/164 639/424/147
f 697/415/165 698/414/165 699/417/165
s 0
f 699/417/165 700/420/165 697/415/165
f 701/422/166 702/439/166 703/426/166
s 1
f 703/426/166 704/425/166 701/422/166
s 0
f 705/439/167 706/451/167 707/427/167
f 707/427/167 708/426/167 705/439/167
s 1
f 643/451/133 641/423/148 709/428/168
f 709/428/168 710/427/168 643/451/133
s 0
f 711/423/169 712/422/169 713/425/169
f 713/425/169 714/428/169 711/423/169
f 715/453/16 716/454/16 717/455/16
f 717/455/16 718/456/16 715/453/16
f 719/457/18 720/458/18 721/455/18
f 722/459/18 719/457/18 721/455/18
f 722/459/18 721/455/18 723/454/18
f 724/460/18 722/459/18 723/454/18
f 725/461/20 726/462/20 727/453/20
f 728/463/20 725/461/20 727/453/20
f 728/463/20 727/453/20 729/456/20
f 730/464/20 728/463/20 729/456/20
s 1
f 731/465/170 732/466/170 733/467/171
f 733/467/171 734/468/171 731/465/170
f 735/469/172 736/470/172 732/466/170
f 732/466/170 731/465/170 735/469/172
f 737/471/173 738/472/173 734/468/171
f 734/468/171 733/467/171 737/471/173
s 0
f 739/473/16 740/474/16 741/475/16
f 741/475/16 742/476/16 739/473/16
f 743/477/18 744/478/18 745/475/18
f 745/475/18 746/474/18 743/477/18
f 747/479/20 748/480/20 749/473/20
f 749/473/20 750/476/20 747/479/20
f 751/481/15 752/482/15 753/483/15
f 753/483/15 754/484/15 751/481/15
f 755/485/16 756/486/16 757/487/16
f 757/487/16 758/488/16 755/485/16
f 759/489/174 760/490/174 761/491/174
f 761/491/174 762/492/174 759/489/174
f 763/493/18 764/494/18 765/495/18
f 765/495/18 766/496/18 763/493/18
f 767/497/175 768/498/175 769/499/175
f 769/499/175 770/500/175 767/497/175
f 771/501/20 772/502/20 773/503/20
f 773/503/20 774/504/20 771/501/20
f 775/486/176 776/485/176 777/505/176
f 777/505/176 778/506/176 775/486/176
f 779/507/18 780/508/18 781/509/18
f 781/509/18 782/510/18 779/507/18
f 783/511/177 784/512/177 785/513/177
f 785/513/177 786/514/177 783/511/177
f 787/515/20 788/516/20 789/517/20
f 789/517/20 790/518/20 787/515/20
f 791/519/178 792/520/178 793/521/178
f 794/521/178 795/522/178 791/519/178
f 796/523/179 797/495/179 798/494/179
f 798/494/179 799/524/179 800/523/179
f 801/525/180 802/499/180 803/498/180
f 804/498/180 805/526/180 801/525/180
f 806/527/181 807/503/181 808/502/181
f 808/502/181 809/528/181 810/527/181
f 811/522/182 812/506/182 813/505/182
f 814/505/182 815/519/182 811/522/182
f 816/524/183 817/510/183 818/509/183
f 818/509/183 819/523/183 820/524/183
f 821/526/184 822/514/184 823/513/184
f 824/513/184 825/525/184 821/526/184
f 826/528/185 827/518/185 828/517/185
f 828/517/185 829/527/185 830/528/185
f 831/529/18 832/530/18 833/531/18
f 833/531/18 834/532/18 831/529/18
f 835/533/20 836/534/20 837/535/20
f 837/535/20 838/536/20 835/533/20
f 839/529/186 840/532/186 841/534/186
f 841/534/186 842/533/186 839/529/186
f 843/532/187 844/531/187 845/535/187
f 845/535/187 846/534/187 843/532/187
s 1
f 847/530/188 848/529/188 849/533/188
s 0
f 849/533/188 850/536/188 847/530/188
f 851/537/18 852/538/18 853/539/18
f 853/539/18 854/540/18 851/537/18
f 855/541/20 856/542/20 857/543/20
f 857/543/20 858/544/20 855/541/20
f 859/537/186 860/540/186 861/542/186
f 861/542/186 862/541/186 859/537/186
f 863/545/187 864/546/187 865/547/187
f 865/547/187 866/548/187 863/545/187
f 867/538/188 868/537/188 869/541/188
f 869/541/188 870/544/188 867/538/188
f 871/549/15 872/550/15 873/551/15
f 873/551/15 874/552/15 871/549/15
f 875/553/16 876/554/16 877/555/16
f 877/555/16 878/556/16 875/553/16
f 879/557/174 880/558/174 881/559/174
f 881/559/174 882/560/174 879/557/174
f 883/561/18 884/562/18 885/563/18
f 885/563/18 886/564/18 883/561/18
f 887/565/175 888/566/175 889/567/175
f 889/567/175 890/568/175 887/565/175
f 891/569/20 892/570/20 893/571/20
f 893/571/20 894/572/20 891/569/20
f 895/554/176 896/553/176 897/573/176
f 897/573/176 898/574/176 895/554/176
f 899/575/18 900/576/18 901/577/18
f 901/577/18 902/578/18 899/575/18
f 903/579/177 904/580/177 905/581/177
f 905/581/177 906/582/177 903/579/177
f 907/583/20 908/584/20 909/585/20
f 909/585/20 910/586/20 907/583/20
f 911/587/178 912/588/178 913/589/178
f 914/589/178 915/590/178 911/587/178
f 916/591/179 917/563/179 918/562/179
f 918/562/179 919/592/179 920/591/179
f 921/593/180 922/567/180 923/566/180
f 924/566/180 925/594/180 921/593/180
f 926/595/181 927/571/181 928/570/181
f 928/570/181 929/596/181 930/595/181
f 931/590/182 932/574/182 933/573/182
f 934/573/182 935/587/182 931/590/182
f 936/592/183 937/578/183 938/577/183
f 938/577/183 939/591/183 940/592/183
f 941/594/184 942/582/184 943/581/184
f 944/581/184 945/593/184 941/594/184
f 946/596/185 947/586/185 948/585/185
f 948/585/185 949/595/185 950/596/185
f 951/597/16 952/598/16 953/599/16
f 953/599/16 954/600/16 951/597/16
f 955/601/18 956/602/18 957/599/18
f 958/603/18 955/601/18 957/599/18
f 958/603/18 957/599/18 959/598/18
f 960/604/18 958/603/18 959/598/18
f 961/605/20 962/606/20 963/597/20
f 964/607/20 961/605/20 963/597/20
f 964/607/20 963/597/20 965/600/20
f 966/608/20 964/607/20 965/600/20
s 1
f 967/609/189 968/610/189 969/611/190
f 969/611/190 970/612/190 967/609/189
f 971/613/191 972/614/191 968/610/189
f 968/610/189 967/609/189 971/613/191
f 973/615/192 974/616/192 970/612/190
f 970/612/190 969/611/190 973/615/192
s 0
f 975/617/18 976/618/18 977/619/18
f 977/619/18 978/620/18 975/617/18
f 979/621/20 980/622/20 981/623/20
f 981/623/20 982/624/20 979/621/20
f 983/617/19 984/620/19 985/622/19
f 985/622/19 986/621/19 983/617/19
f 987/620/15 988/619/15 989/623/15
f 989/623/15 990/622/15 987/620/15
f 991/618/16 992/617/16 993/621/16
f 993/621/16 994/624/16 991/618/16
f 995/625/18 996/626/18 997/627/18
f 997/627/18 998/628/18 995/625/18
f 999/629/20 1000/630/20 1001/631/20
f 1001/631/20 1002/632/20 999/629/20
f 1003/625/19 1004/628/19 1005/630/19
f 1005/630/19 1006/629/19 1003/625/19
f 1007/628/15 1008/627/15 1009/631/15
f 1009/631/15 1010/630/15 1007/628/15
f 1011/626/16 1012/625/16 1013/629/16
f 1013/629/16 1014/632/16 1011/626/16
f 1015/633/18 1016/634/18 1017/635/18
f 1017/635/18 1018/636/18 1015/633/18
f 1019/637/20 1020/638/20 1021/639/20
f 1021/639/20 1022/640/20 1019/637/20
f 1023/633/17 1024/637/17 1025/640/17
f 1025/640/17 1026/634/17 1023/633/17
f 1027/634/15 1028/640/15 1029/639/15
f 1029/639/15 1030/635/15 1027/634/15
f 1031/636/16 1032/638/16 1033/637/16
f 1033/637/16 1034/633/16 1031/636/16
f 1035/641/18 1036/642/18 1037/643/18
f 1037/643/18 1038/644/18 1035/641/18
f 1039/645/20 1040/646/20 1041/647/20
f 1041/647/20 1042/648/20 1039/645/20
f 1043/641/17 1044/645/17 1045/648/17
f 1045/648/17 1046/642/17 1043/641/17
f 1047/642/15 1048/648/15 1049/647/15
f 1049/647/15 1050/643/15 1047/642/15
f 1051/644/16 1052/646/16 1053/645/16
f 1053/645/16 1054/641/16 1051/644/16
f 1055/649/193 1056/650/193 1057/651/193
f 1057/651/193 1058/652/193 1055/649/193
f 1059/653/194 1060/654/194 1061/655/194
f 1061/655/194 1062/656/194 1059/653/194
f 1063/657/187 1064/658/187 1065/659/187
f 1065/659/187 1066/660/187 1063/657/187
f 1067/661/18 1068/662/18 1069/663/18
f 1069/663/18 1070/664/18 1067/661/18
f 1071/662/188 1072/665/188 1073/666/188
f 1073/666/188 1074/663/188 1071/662/188
f 1075/665/20 1076/667/20 1077/668/20
f 1077/668/20 1078/666/20 1075/665/20
o             _       .004
v -25.906538 -0.000000 30.030727
v -24.190878 0.000000 10.420589
v 22.873842 0.000000 14.538212
v 21.158182 -0.000000 34.148350
v -25.906538 12.501971 30.030724
v 21.158182 12.501971 34.148346
v 22.873842 12.501971 14.538208
v -24.190878 12.501971 10.420587
v 21.158182 -0.000000 34.148350
v 21.158182 10.702716 34.148346
v -25.906538 10.702716 30.030725
v -25.906538 -0.000000 30.030727
v 22.873842 0.000000 14.538212
v 22.873842 10.702716 14.538208
v 21.158182 10.702716 34.148346
v 21.158182 -0.000000 34.148350
v -24.190878 0.000000 10.420589
v -24.190878 10.702716 10.420588
v 22.873842 10.702716 14.538208
v 22.873842 0.000000 14.538212
v -25.906538 -0.000000 30.030727
v -25.906538 10.702716 30.030725
v -24.190878 10.702716 10.420588
v -24.190878 0.000000 10.420589
v 21.158182 12.501971 34.148346
v -25.906538 12.501971 30.030724
v -25.906538 10.963819 30.030724
v 21.158182 10.963819 34.148346
v 22.873842 12.501971 14.538208
v 21.158182 12.501971 34.148346
v 21.158182 10.963819 34.148346
v 22.873842 10.963819 14.538208
v -24.190878 12.501971 10.420587
v 22.873842 12.501971 14.538208
v 22.873842 10.963819 14.538208
v -24.190878 10.963819 10.420587
v -25.906538 12.501971 30.030724
v -24.190878 12.501971 10.420587
v -24.190878 10.963819 10.420587
v -25.906538 10.963819 30.030724
v 21.158182 10.702716 34.148346
v 19.402422 10.833267 32.055916
v -23.814108 10.833267 28.274965
v -25.906538 10.702716 30.030725
v 22.873842 10.702716 14.538208
v 20.781412 10.833267 16.293968
v 19.402422 10.833267 32.055916
v 21.158182 10.702716 34.148346
v -24.190878 10.702716 10.420588
v -22.435118 10.833267 12.513020
v 20.781412 10.833267 16.293968
v 22.873842 10.702716 14.538208
v -25.906538 10.702716 30.030725
v -23.814108 10.833267 28.274965
v -22.435118 10.833267 12.513020
v -24.190878 10.702716 10.420588
v -25.906538 10.963819 30.030724
v -23.814108 10.833267 28.274965
v 19.402422 10.833267 32.055916
v 21.158182 10.963819 34.148346
v 21.158182 10.963819 34.148346
v 19.402422 10.833267 32.055916
v 20.781412 10.833267 16.293968
v 22.873842 10.963819 14.538208
v 22.873842 10.963819 14.538208
v 20.781412 10.833267 16.293968
v -22.435118 10.833267 12.513020
v -24.190878 10.963819 10.420587
v -24.190878 10.963819 10.420587
v -22.435118 10.833267 12.513020
v -23.814108 10.833267 28.274965
v -25.906538 10.963819 30.030724
v -6.394629 10.582970 11.015295
v -6.553443 10.582970 12.830565
v -6.553443 0.031763 12.830567
v -6.394628 0.031763 11.015296
v -8.601580 10.582970 10.822212
v -8.601580 0.031763 10.822214
v -8.760395 0.031763 12.637485
v -8.760395 10.582970 12.637483
v -6.394629 10.582970 11.015295
v -6.394628 0.031763 11.015296
v -8.601580 0.031763 10.822214
v -8.601580 10.582970 10.822212
v -6.394628 0.031763 11.015296
v -6.553443 0.031763 12.830567
v -8.760395 0.031763 12.637485
v -8.601580 0.031763 10.822214
v -6.553443 10.582970 12.830565
v -6.394629 10.582970 11.015295
v -8.601580 10.582970 10.822212
v -8.760395 10.582970 12.637483
v 5.980466 10.582970 12.097974
v 5.821652 10.582970 13.913244
v 5.821652 0.031763 13.913246
v 5.980468 0.031763 12.097975
v 3.773516 10.582970 11.904891
v 3.773516 0.031763 11.904893
v 3.614701 0.031763 13.720163
v 3.614701 10.582970 13.720161
v 5.980466 10.582970 12.097974
v 5.980468 0.031763 12.097975
v 3.773516 0.031763 11.904893
v 3.773516 10.582970 11.904891
v 5.980468 0.031763 12.097975
v 5.821652 0.031763 13.913246
v 3.614701 0.031763 13.720163
v 3.773516 0.031763 11.904893
v 5.821652 10.582970 13.913244
v 5.980466 10.582970 12.097974
v 3.773516 10.582970 11.904891
v 3.614701 10.582970 13.720161
v 12.950762 13.123113 33.209053
v 12.950762 11.300908 33.209053
v 14.620054 11.300911 14.128923
v 14.620054 13.123116 14.128923
v 10.743811 13.123113 33.015968
v 12.413101 13.123116 13.935841
v 12.413103 11.300911 13.935841
v 10.743811 11.300908 33.015968
v 12.950762 13.123113 33.209053
v 14.620054 13.123116 14.128923
v 12.413101 13.123116 13.935841
v 10.743811 13.123113 33.015968
v 14.620054 13.123116 14.128923
v 14.620054 11.300911 14.128923
v 12.413103 11.300911 13.935841
v 12.413101 13.123116 13.935841
v 12.950762 11.300908 33.209053
v 12.950762 13.123113 33.209053
v 10.743811 13.123113 33.015968
v 10.743811 11.300908 33.015968
v -15.902887 13.123113 30.684690
v -15.902887 11.300908 30.684690
v -14.233595 11.300911 11.604561
v -14.233595 13.123116 11.604561
v -18.109838 13.123113 30.491608
v -16.440548 13.123116 11.411478
v -16.440546 11.300911 11.411478
v -18.109838 11.300908 30.491608
v -15.902887 13.123113 30.684690
v -14.233595 13.123116 11.604561
v -16.440548 13.123116 11.411478
v -18.109838 13.123113 30.491608
v -14.233595 13.123116 11.604561
v -14.233595 11.300911 11.604561
v -16.440546 11.300911 11.411478
v -16.440548 13.123116 11.411478
v -15.902887 11.300908 30.684690
v -15.902887 13.123113 30.684690
v -18.109838 13.123113 30.491608
v -18.109838 11.300908 30.491608
v 4.118490 10.582970 33.380505
v 4.118491 0.031763 33.380508
v 4.277306 0.031763 31.565237
v 4.277306 10.582970 31.565233
v 1.911540 10.582970 33.187424
v 2.070355 10.582970 31.372150
v 2.070355 0.031763 31.372154
v 1.911540 0.031763 33.187424
v 4.118490 10.582970 33.380505
v 1.911540 10.582970 33.187424
v 1.911540 0.031763 33.187424
v 4.118491 0.031763 33.380508
v 4.118491 0.031763 33.380508
v 1.911540 0.031763 33.187424
v 2.070355 0.031763 31.372154
v 4.277306 0.031763 31.565237
v 4.277306 10.582970 31.565233
v 2.070355 10.582970 31.372150
v 1.911540 10.582970 33.187424
v 4.118490 10.582970 33.380505
v -8.256605 10.582970 32.297825
v -8.256605 0.031763 32.297829
v -8.097790 0.031763 30.482559
v -8.097790 10.582970 30.482555
v -10.463556 10.582970 32.104744
v -10.304741 10.582970 30.289471
v -10.304741 0.031763 30.289474
v -10.463556 0.031763 32.104748
v -8.256605 10.582970 32.297825
v -10.463556 10.582970 32.104744
v -10.463556 0.031763 32.104748
v -8.256605 0.031763 32.297829
v -8.256605 0.031763 32.297829
v -10.463556 0.031763 32.104748
v -10.304741 0.031763 30.289474
v -8.097790 0.031763 30.482559
v -8.097790 10.582970 30.482555
v -10.304741 10.582970 30.289471
v -10.463556 10.582970 32.104744
v -8.256605 10.582970 32.297825
v -19.809704 11.545326 30.474264
v -14.075989 11.545326 30.975899
v -14.044455 11.545326 30.615456
v -19.778170 11.545326 30.113823
v 8.933643 11.545326 32.988976
v 14.667358 11.545326 33.490608
v 14.698893 11.545326 33.130169
v 8.965178 11.545326 32.628532
vn -0.0000 -1.0000 -0.0000
vn -0.0000 1.0000 -0.0000
vn -0.0872 -0.0000 0.9962
vn 0.9962 -0.0000 0.0872
vn 0.0872 -0.0000 -0.9962
vn -0.9962 -0.0000 -0.0872
vn -0.0059 0.9977 0.0672
vn 0.0672 0.9977 0.0059
vn 0.0059 0.9977 -0.0672
vn -0.0672 0.9977 -0.0059
vn -0.0059 -0.9977 0.0672
vn 0.0672 -0.9977 0.0059
vn 0.0059 -0.9977 -0.0672
vn -0.0672 -0.9977 -0.0059
vt 0.000500 0.273303
vt 0.000500 0.544828
vt 0.652164 0.544828
vt 0.652164 0.273303
vt 0.000500 0.272024
vt 0.652164 0.272024
vt 0.652164 0.000500
vt 0.000500 0.000500
vt 0.652164 0.772164
vt 0.652164 0.624537
vt 0.000500 0.624537
vt 0.000500 0.772164
vt 0.926753 0.226557
vt 0.926753 0.078930
vt 0.655228 0.078930
vt 0.655228 0.226557
vt 0.652164 0.999500
vt 0.652164 0.851873
vt 0.000500 0.851873
vt 0.000500 0.999500
vt 0.926753 0.458440
vt 0.926753 0.310813
vt 0.655228 0.310813
vt 0.655228 0.458440
vt 0.652164 0.549919
vt 0.000500 0.549919
vt 0.000500 0.571135
vt 0.652164 0.571135
vt 0.926753 0.004310
vt 0.655228 0.004310
vt 0.655228 0.025526
vt 0.926753 0.025526
vt 0.652164 0.777255
vt 0.000500 0.777255
vt 0.000500 0.798471
vt 0.652164 0.798471
vt 0.926753 0.236193
vt 0.655228 0.236193
vt 0.655228 0.257409
vt 0.926753 0.257409
vt 0.625523 0.597836
vt 0.027141 0.597836
vt 0.900111 0.052228
vt 0.681870 0.052228
vt 0.625523 0.825172
vt 0.027141 0.825172
vt 0.900111 0.284111
vt 0.681870 0.284111
vt 0.766752 0.840349
vt 0.755256 0.828853
vt 0.755256 0.999500
vt 0.766752 0.988004
vt 0.791700 0.840349
vt 0.791700 0.988004
vt 0.803196 0.999500
vt 0.803196 0.828853
vt 0.866780 0.840349
vt 0.855284 0.828853
vt 0.855284 0.999500
vt 0.866780 0.988004
vt 0.891728 0.840349
vt 0.891728 0.988004
vt 0.903224 0.999500
vt 0.903224 0.828853
vt 0.740821 0.988277
vt 0.752044 0.999500
vt 0.752044 0.709280
vt 0.740821 0.720504
vt 0.716466 0.988277
vt 0.716466 0.720504
vt 0.705242 0.709280
vt 0.705242 0.999500
vt 0.690807 0.988277
vt 0.702031 0.999500
vt 0.702031 0.709280
vt 0.690807 0.720504
vt 0.666451 0.988277
vt 0.666452 0.720504
vt 0.655228 0.709280
vt 0.655228 0.999500
vt 0.941742 0.840349
vt 0.941742 0.988004
vt 0.953238 0.999500
vt 0.953238 0.828853
vt 0.916794 0.840349
vt 0.905298 0.828853
vt 0.905298 0.999500
vt 0.916794 0.988004
vt 0.841714 0.840349
vt 0.841714 0.988004
vt 0.853210 0.999500
vt 0.853210 0.828853
vt 0.816766 0.840349
vt 0.805270 0.828853
vt 0.805270 0.999500
vt 0.816766 0.988004
vt 0.129376 1.988804
vt 0.251202 1.988804
vt 0.251202 1.971868
vt 0.129376 1.971868
vt 0.740095 1.988804
vt 0.861922 1.988804
vt 0.861922 1.971868
vt 0.740095 1.971868
s 0
usemtl Material_29
f 1079/669/195 1080/670/195 1081/671/195
f 1079/669/195 1081/671/195 1082/672/195
f 1083/673/196 1084/674/196 1085/675/196
f 1083/673/196 1085/675/196 1086/676/196
f 1087/677/197 1088/678/197 1089/679/197
f 1087/677/197 1089/679/197 1090/680/197
f 1091/681/198 1092/682/198 1093/683/198
f 1091/681/198 1093/683/198 1094/684/198
f 1095/685/199 1096/686/199 1097/687/199
f 1095/685/199 1097/687/199 1098/688/199
f 1099/689/200 1100/690/200 1101/691/200
f 1099/689/200 1101/691/200 1102/692/200
f 1103/693/197 1104/694/197 1105/695/197
f 1103/693/197 1105/695/197 1106/696/197
f 1107/697/198 1108/698/198 1109/699/198
f 1107/697/198 1109/699/198 1110/700/198
f 1111/701/199 1112/702/199 1113/703/199
f 1111/701/199 1113/703/199 1114/704/199
f 1115/705/200 1116/706/200 1117/707/200
f 1115/705/200 1117/707/200 1118/708/200
f 1119/678/201 1120/709/201 1121/710/201
f 1119/678/201 1121/710/201 1122/679/201
f 1123/682/202 1124/711/202 1125/712/202
f 1123/682/202 1125/712/202 1126/683/202
f 1127/686/203 1128/713/203 1129/714/203
f 1127/686/203 1129/714/203 1130/687/203
f 1131/690/204 1132/715/204 1133/716/204
f 1131/690/204 1133/716/204 1134/691/204
f 1135/695/205 1136/710/205 1137/709/205
f 1135/695/205 1137/709/205 1138/696/205
f 1139/699/206 1140/712/206 1141/711/206
f 1139/699/206 1141/711/206 1142/700/206
f 1143/703/207 1144/714/207 1145/713/207
f 1143/703/207 1145/713/207 1146/704/207
f 1147/707/208 1148/716/208 1149/715/208
f 1147/707/208 1149/715/208 1150/708/208
f 1151/717/198 1152/718/198 1153/719/198
f 1151/717/198 1153/719/198 1154/720/198
f 1155/721/200 1156/722/200 1157/723/200
f 1155/721/200 1157/723/200 1158/724/200
f 1159/717/199 1160/720/199 1161/722/199
f 1159/717/199 1161/722/199 1162/721/199
f 1163/720/195 1164/719/195 1165/723/195
f 1163/720/195 1165/723/195 1166/722/195
f 1167/718/196 1168/717/196 1169/721/196
f 1167/718/196 1169/721/196 1170/724/196
f 1171/725/198 1172/726/198 1173/727/198
f 1171/725/198 1173/727/198 1174/728/198
f 1175/729/200 1176/730/200 1177/731/200
f 1175/729/200 1177/731/200 1178/732/200
f 1179/725/199 1180/728/199 1181/730/199
f 1179/725/199 1181/730/199 1182/729/199
f 1183/728/195 1184/727/195 1185/731/195
f 1183/728/195 1185/731/195 1186/730/195
f 1187/726/196 1188/725/196 1189/729/196
f 1187/726/196 1189/729/196 1190/732/196
f 1191/733/198 1192/734/198 1193/735/198
f 1191/733/198 1193/735/198 1194/736/198
f 1195/737/200 1196/738/200 1197/739/200
f 1195/737/200 1197/739/200 1198/740/200
f 1199/733/196 1200/736/196 1201/738/196
f 1199/733/196 1201/738/196 1202/737/196
f 1203/736/199 1204/735/199 1205/739/199
f 1203/736/199 1205/739/199 1206/738/199
f 1207/734/197 1208/733/197 1209/737/197
f 1207/734/197 1209/737/197 1210/740/197
f 1211/741/198 1212/742/198 1213/743/198
f 1211/741/198 1213/743/198 1214/744/198
f 1215/745/200 1216/746/200 1217/747/200
f 1215/745/200 1217/747/200 1218/748/200
f 1219/741/196 1220/744/196 1221/746/196
f 1219/741/196 1221/746/196 1222/745/196
f 1223/744/199 1224/743/199 1225/747/199
f 1223/744/199 1225/747/199 1226/746/199
f 1227/742/197 1228/741/197 1229/745/197
f 1227/742/197 1229/745/197 1230/748/197
f 1231/749/198 1232/750/198 1233/751/198
f 1231/749/198 1233/751/198 1234/752/198
f 1235/753/200 1236/754/200 1237/755/200
f 1235/753/200 1237/755/200 1238/756/200
f 1239/749/197 1240/753/197 1241/756/197
f 1239/749/197 1241/756/197 1242/750/197
f 1243/750/195 1244/756/195 1245/755/195
f 1243/750/195 1245/755/195 1246/751/195
f 1247/752/196 1248/754/196 1249/753/196
f 1247/752/196 1249/753/196 1250/749/196
f 1251/757/198 1252/758/198 1253/759/198
f 1251/757/198 1253/759/198 1254/760/198
f 1255/761/200 1256/762/200 1257/763/200
f 1255/761/200 1257/763/200 1258/764/200
f 1259/757/197 1260/761/197 1261/764/197
f 1259/757/197 1261/764/197 1262/758/197
f 1263/758/195 1264/764/195 1265/763/195
f 1263/758/195 1265/763/195 1266/759/195
f 1267/760/196 1268/762/196 1269/761/196
f 1267/760/196 1269/761/196 1270/757/196
f 1271/765/196 1272/766/196 1273/767/196
f 1271/765/196 1273/767/196 1274/768/196
f 1275/769/196 1276/770/196 1277/771/196
f 1275/769/196 1277/771/196 1278/772/196
o             _       .006
v -23.962498 -0.000000 7.810235
v -22.246838 0.000000 -11.799904
v 24.817883 0.000000 -7.682282
v 23.102222 -0.000000 11.927856
v -23.962498 12.501971 7.810231
v 23.102222 12.501971 11.927853
v 24.817883 12.501971 -7.682285
v -22.246838 12.501971 -11.799907
v 23.102222 -0.000000 11.927856
v 23.102222 10.702716 11.927853
v -23.962498 10.702716 7.810232
v -23.962498 -0.000000 7.810235
v 24.817883 0.000000 -7.682282
v 24.817883 10.702716 -7.682285
v 23.102222 10.702716 11.927853
v 23.102222 -0.000000 11.927856
v -22.246838 0.000000 -11.799904
v -22.246838 10.702716 -11.799906
v 24.817883 10.702716 -7.682285
v 24.817883 0.000000 -7.682282
v -23.962498 -0.000000 7.810235
v -23.962498 10.702716 7.810232
v -22.246838 10.702716 -11.799906
v -22.246838 0.000000 -11.799904
v 23.102222 12.501971 11.927853
v -23.962498 12.501971 7.810231
v -23.962498 10.963819 7.810231
v 23.102222 10.963819 11.927853
v 24.817883 12.501971 -7.682285
v 23.102222 12.501971 11.927853
v 23.102222 10.963819 11.927853
v 24.817883 10.963819 -7.682285
v -22.246838 12.501971 -11.799907
v 24.817883 12.501971 -7.682285
v 24.817883 10.963819 -7.682285
v -22.246838 10.963819 -11.799907
v -23.962498 12.501971 7.810231
v -22.246838 12.501971 -11.799907
v -22.246838 10.963819 -11.799907
v -23.962498 10.963819 7.810231
v 23.102222 10.702716 11.927853
v 21.346462 10.833267 9.835421
v -21.870068 10.833267 6.054471
v -23.962498 10.702716 7.810232
v 24.817883 10.702716 -7.682285
v 22.725452 10.833267 -5.926525
v 21.346462 10.833267 9.835421
v 23.102222 10.702716 11.927853
v -22.246838 10.702716 -11.799906
v -20.491077 10.833267 -9.707474
v 22.725452 10.833267 -5.926525
v 24.817883 10.702716 -7.682285
v -23.962498 10.702716 7.810232
v -21.870068 10.833267 6.054471
v -20.491077 10.833267 -9.707474
v -22.246838 10.702716 -11.799906
v -23.962498 10.963819 7.810231
v -21.870068 10.833267 6.054471
v 21.346462 10.833267 9.835421
v 23.102222 10.963819 11.927853
v 23.102222 10.963819 11.927853
v 21.346462 10.833267 9.835421
v 22.725452 10.833267 -5.926525
v 24.817883 10.963819 -7.682285
v 24.817883 10.963819 -7.682285
v 22.725452 10.833267 -5.926525
v -20.491077 10.833267 -9.707474
v -22.246838 10.963819 -11.799907
v -22.246838 10.963819 -11.799907
v -20.491077 10.833267 -9.707474
v -21.870068 10.833267 6.054471
v -23.962498 10.963819 7.810231
v -4.450588 10.582970 -11.205198
v -4.609403 10.582970 -9.389928
v -4.609402 0.031763 -9.389926
v -4.450587 0.031763 -11.205197
v -6.657539 10.582970 -11.398281
v -6.657539 0.031763 -11.398279
v -6.816354 0.031763 -9.583009
v -6.816354 10.582970 -9.583011
v -4.450588 10.582970 -11.205198
v -4.450587 0.031763 -11.205197
v -6.657539 0.031763 -11.398279
v -6.657539 10.582970 -11.398281
v -4.450587 0.031763 -11.205197
v -4.609402 0.031763 -9.389926
v -6.816354 0.031763 -9.583009
v -6.657539 0.031763 -11.398279
v -4.609403 10.582970 -9.389928
v -4.450588 10.582970 -11.205198
v -6.657539 10.582970 -11.398281
v -6.816354 10.582970 -9.583011
v 7.924507 10.582970 -10.122519
v 7.765693 10.582970 -8.307249
v 7.765693 0.031763 -8.307247
v 7.924509 0.031763 -10.122519
v 5.717557 10.582970 -10.315602
v 5.717557 0.031763 -10.315600
v 5.558742 0.031763 -8.500330
v 5.558742 10.582970 -8.500332
v 7.924507 10.582970 -10.122519
v 7.924509 0.031763 -10.122519
v 5.717557 0.031763 -10.315600
v 5.717557 10.582970 -10.315602
v 7.924509 0.031763 -10.122519
v 7.765693 0.031763 -8.307247
v 5.558742 0.031763 -8.500330
v 5.717557 0.031763 -10.315600
v 7.765693 10.582970 -8.307249
v 7.924507 10.582970 -10.122519
v 5.717557 10.582970 -10.315602
v 5.558742 10.582970 -8.500332
v 14.894802 13.123113 10.988560
v 14.894802 11.300908 10.988560
v 16.564095 11.300911 -8.091570
v 16.564095 13.123116 -8.091570
v 12.687851 13.123113 10.795477
v 14.357141 13.123116 -8.284653
v 14.357143 11.300911 -8.284653
v 12.687851 11.300908 10.795477
v 14.894802 13.123113 10.988560
v 16.564095 13.123116 -8.091570
v 14.357141 13.123116 -8.284653
v 12.687851 13.123113 10.795477
v 16.564095 13.123116 -8.091570
v 16.564095 11.300911 -8.091570
v 14.357143 11.300911 -8.284653
v 14.357141 13.123116 -8.284653
v 14.894802 11.300908 10.988560
v 14.894802 13.123113 10.988560
v 12.687851 13.123113 10.795477
v 12.687851 11.300908 10.795477
v -13.958847 13.123113 8.464197
v -13.958847 11.300908 8.464197
v -12.289555 11.300911 -10.615932
v -12.289555 13.123116 -10.615932
v -16.165798 13.123113 8.271114
v -14.496508 13.123116 -10.809015
v -14.496506 11.300911 -10.809015
v -16.165798 11.300908 8.271114
v -13.958847 13.123113 8.464197
v -12.289555 13.123116 -10.615932
v -14.496508 13.123116 -10.809015
v -16.165798 13.123113 8.271114
v -12.289555 13.123116 -10.615932
v -12.289555 11.300911 -10.615932
v -14.496506 11.300911 -10.809015
v -14.496508 13.123116 -10.809015
v -13.958847 11.300908 8.464197
v -13.958847 13.123113 8.464197
v -16.165798 13.123113 8.271114
v -16.165798 11.300908 8.271114
v 6.062531 10.582970 11.160010
v 6.062531 0.031763 11.160014
v 6.221347 0.031763 9.344744
v 6.221346 10.582970 9.344740
v 3.855581 10.582970 10.966928
v 4.014396 10.582970 9.151657
v 4.014396 0.031763 9.151661
v 3.855580 0.031763 10.966932
v 6.062531 10.582970 11.160010
v 3.855581 10.582970 10.966928
v 3.855580 0.031763 10.966932
v 6.062531 0.031763 11.160014
v 6.062531 0.031763 11.160014
v 3.855580 0.031763 10.966932
v 4.014396 0.031763 9.151661
v 6.221347 0.031763 9.344744
v 6.221346 10.582970 9.344740
v 4.014396 10.582970 9.151657
v 3.855581 10.582970 10.966928
v 6.062531 10.582970 11.160010
v -6.312564 10.582970 10.077332
v -6.312564 0.031763 10.077335
v -6.153749 0.031763 8.262065
v -6.153749 10.582970 8.262061
v -8.519516 10.582970 9.884250
v -8.360701 10.582970 8.068978
v -8.360701 0.031763 8.068982
v -8.519516 0.031763 9.884254
v -6.312564 10.582970 10.077332
v -8.519516 10.582970 9.884250
v -8.519516 0.031763 9.884254
v -6.312564 0.031763 10.077335
v -6.312564 0.031763 10.077335
v -8.519516 0.031763 9.884254
v -8.360701 0.031763 8.068982
v -6.153749 0.031763 8.262065
v -6.153749 10.582970 8.262061
v -8.360701 10.582970 8.068978
v -8.519516 10.582970 9.884250
v -6.312564 10.582970 10.077332
v -17.865664 11.545326 8.253771
v -12.131948 11.545326 8.755404
v -12.100413 11.545326 8.394962
v -17.834129 11.545326 7.893329
v 10.877685 11.545326 10.768483
v 16.611399 11.545326 11.270117
v 16.642933 11.545326 10.909675
v 10.909219 11.545326 10.408041
vn -0.0000 -1.0000 -0.0000
vn -0.0000 1.0000 -0.0000
vn -0.0872 -0.0000 0.9962
vn 0.9962 -0.0000 0.0872
vn 0.0872 -0.0000 -0.9962
vn -0.9962 -0.0000 -0.0872
vn -0.0059 0.9977 0.0672
vn 0.0672 0.9977 0.0059
vn 0.0059 0.9977 -0.0672
vn -0.0672 0.9977 -0.0059
vn -0.0059 -0.9977 0.0672
vn 0.0672 -0.9977 0.0059
vn 0.0059 -0.9977 -0.0672
vn -0.0672 -0.9977 -0.0059
vt 0.000500 0.273303
vt 0.000500 0.544828
vt 0.652164 0.544828
vt 0.652164 0.273303
vt 0.000500 0.272024
vt 0.652164 0.272024
vt 0.652164 0.000500
vt 0.000500 0.000500
vt 0.652164 0.772164
vt 0.652164 0.624537
vt 0.000500 0.624537
vt 0.000500 0.772164
vt 0.926753 0.226557
vt 0.926753 0.078930
vt 0.655228 0.078930
vt 0.655228 0.226557
vt 0.652164 0.999500
vt 0.652164 0.851873
vt 0.000500 0.851873
vt 0.000500 0.999500
vt 0.926753 0.458440
vt 0.926753 0.310813
vt 0.655228 0.310813
vt 0.655228 0.458440
vt 0.652164 0.549919
vt 0.000500 0.549919
vt 0.000500 0.571135
vt 0.652164 0.571135
vt 0.926753 0.004310
vt 0.655228 0.004310
vt 0.655228 0.025526
vt 0.926753 0.025526
vt 0.652164 0.777255
vt 0.000500 0.777255
vt 0.000500 0.798471
vt 0.652164 0.798471
vt 0.926753 0.236193
vt 0.655228 0.236193
vt 0.655228 0.257409
vt 0.926753 0.257409
vt 0.625523 0.597836
vt 0.027141 0.597836
vt 0.900111 0.052228
vt 0.681870 0.052228
vt 0.625523 0.825172
vt 0.027141 0.825172
vt 0.900111 0.284111
vt 0.681870 0.284111
vt 0.766752 0.840349
vt 0.755256 0.828853
vt 0.755256 0.999500
vt 0.766752 0.988004
vt 0.791700 0.840349
vt 0.791700 0.988004
vt 0.803196 0.999500
vt 0.803196 0.828853
vt 0.866780 0.840349
vt 0.855284 0.828853
vt 0.855284 0.999500
vt 0.866780 0.988004
vt 0.891728 0.840349
vt 0.891728 0.988004
vt 0.903224 0.999500
vt 0.903224 0.828853
vt 0.740821 0.988277
vt 0.752044 0.999500
vt 0.752044 0.709280
vt 0.740821 0.720504
vt 0.716466 0.988277
vt 0.716466 0.720504
vt 0.705242 0.709280
vt 0.705242 0.999500
vt 0.690807 0.988277
vt 0.702031 0.999500
vt 0.702031 0.709280
vt 0.690807 0.720504
vt 0.666451 0.988277
vt 0.666452 0.720504
vt 0.655228 0.709280
vt 0.655228 0.999500
vt 0.941742 0.840349
vt 0.941742 0.988004
vt 0.953238 0.999500
vt 0.953238 0.828853
vt 0.916794 0.840349
vt 0.905298 0.828853
vt 0.905298 0.999500
vt 0.916794 0.988004
vt 0.841714 0.840349
vt 0.841714 0.988004
vt 0.853210 0.999500
vt 0.853210 0.828853
vt 0.816766 0.840349
vt 0.805270 0.828853
vt 0.805270 0.999500
vt 0.816766 0.988004
vt 0.129376 1.988804
vt 0.251202 1.988804
vt 0.251202 1.971868
vt 0.129376 1.971868
vt 0.740095 1.988804
vt 0.861922 1.988804
vt 0.861922 1.971868
vt 0.740095 1.971868
s 0
usemtl Material_29
f 1279/773/209 1280/774/209 1281/775/209
f 1279/773/209 1281/775/209 1282/776/209
f 1283/777/210 1284/778/210 1285/779/210
f 1283/777/210 1285/779/210 1286/780/210
f 1287/781/211 1288/782/211 1289/783/211
f 1287/781/211 1289/783/211 1290/784/211
f 1291/785/212 1292/786/212 1293/787/212
f 1291/785/212 1293/787/212 1294/788/212
f 1295/789/213 1296/790/213 1297/791/213
f 1295/789/213 1297/791/213 1298/792/213
f 1299/793/214 1300/794/214 1301/795/214
f 1299/793/214 1301/795/214 1302/796/214
f 1303/797/211 1304/798/211 1305/799/211
f 1303/797/211 1305/799/211 1306/800/211
f 1307/801/212 1308/802/212 1309/803/212
f 1307/801/212 1309/803/212 1310/804/212
f 1311/805/213 1312/806/213 1313/807/213
f 1311/805/213 1313/807/213 1314/808/213
f 1315/809/214 1316/810/214 1317/811/214
f 1315/809/214 1317/811/214 1318/812/214
f 1319/782/215 1320/813/215 1321/814/215
f 1319/782/215 1321/814/215 1322/783/215
f 1323/786/216 1324/815/216 1325/816/216
f 1323/786/216 1325/816/216 1326/787/216
f 1327/790/217 1328/817/217 1329/818/217
f 1327/790/217 1329/818/217 1330/791/217
f 1331/794/218 1332/819/218 1333/820/218
f 1331/794/218 1333/820/218 1334/795/218
f 1335/799/219 1336/814/219 1337/813/219
f 1335/799/219 1337/813/219 1338/800/219
f 1339/803/220 1340/816/220 1341/815/220
f 1339/803/220 1341/815/220 1342/804/220
f 1343/807/221 1344/818/221 1345/817/221
f 1343/807/221 1345/817/221 1346/808/221
f 1347/811/222 1348/820/222 1349/819/222
f 1347/811/222 1349/819/222 1350/812/222
f 1351/821/212 1352/822/212 1353/823/212
f 1351/821/212 1353/823/212 1354/824/212
f 1355/825/214 1356/826/214 1357/827/214
f 1355/825/214 1357/827/214 1358/828/214
f 1359/821/213 1360/824/213 1361/826/213
f 1359/821/213 1361/826/213 1362/825/213
f 1363/824/209 1364/823/209 1365/827/209
f 1363/824/209 1365/827/209 1366/826/209
f 1367/822/210 1368/821/210 1369/825/210
f 1367/822/210 1369/825/210 1370/828/210
f 1371/829/212 1372/830/212 1373/831/212
f 1371/829/212 1373/831/212 1374/832/212
f 1375/833/214 1376/834/214 1377/835/214
f 1375/833/214 1377/835/214 1378/836/214
f 1379/829/213 1380/832/213 1381/834/213
f 1379/829/213 1381/834/213 1382/833/213
f 1383/832/209 1384/831/209 1385/835/209
f 1383/832/209 1385/835/209 1386/834/209
f 1387/830/210 1388/829/210 1389/833/210
f 1387/830/210 1389/833/210 1390/836/210
f 1391/837/212 1392/838/212 1393/839/212
f 1391/837/212 1393/839/212 1394/840/212
f 1395/841/214 1396/842/214 1397/843/214
f 1395/841/214 1397/843/214 1398/844/214
f 1399/837/210 1400/840/210 1401/842/210
f 1399/837/210 1401/842/210 1402/841/210
f 1403/840/213 1404/839/213 1405/843/213
f 1403/840/213 1405/843/213 1406/842/213
f 1407/838/211 1408/837/211 1409/841/211
f 1407/838/211 1409/841/211 1410/844/211
f 1411/845/212 1412/846/212 1413/847/212
f 1411/845/212 1413/847/212 1414/848/212
f 1415/849/214 1416/850/214 1417/851/214
f 1415/849/214 1417/851/214 1418/852/214
f 1419/845/210 1420/848/210 1421/850/210
f 1419/845/210 1421/850/210 1422/849/210
f 1423/848/213 1424/847/213 1425/851/213
f 1423/848/213 1425/851/213 1426/850/213
f 1427/846/211 1428/845/211 1429/849/211
f 1427/846/211 1429/849/211 1430/852/211
f 1431/853/212 1432/854/212 1433/855/212
f 1431/853/212 1433/855/212 1434/856/212
f 1435/857/214 1436/858/214 1437/859/214
f 1435/857/214 1437/859/214 1438/860/214
f 1439/853/211 1440/857/211 1441/860/211
f 1439/853/211 1441/860/211 1442/854/211
f 1443/854/209 1444/860/209 1445/859/209
f 1443/854/209 1445/859/209 1446/855/209
f 1447/856/210 1448/858/210 1449/857/210
f 1447/856/210 1449/857/210 1450/853/210
f 1451/861/212 1452/862/212 1453/863/212
f 1451/861/212 1453/863/212 1454/864/212
f 1455/865/214 1456/866/214 1457/867/214
f 1455/865/214 1457/867/214 1458/868/214
f 1459/861/211 1460/865/211 1461/868/211
f 1459/861/211 1461/868/211 1462/862/211
f 1463/862/209 1464/868/209 1465/867/209
f 1463/862/209 1465/867/209 1466/863/209
f 1467/864/210 1468/866/210 1469/865/210
f 1467/864/210 1469/865/210 1470/861/210
f 1471/869/210 1472/870/210 1473/871/210
f 1471/869/210 1473/871/210 1474/872/210
f 1475/873/210 1476/874/210 1477/875/210
f 1475/873/210 1477/875/210 1478/876/210
o             _       .008
v -73.163689 0.000001 9.864519
v -73.163696 -0.000001 -9.820528
v -25.919182 -0.000001 -9.820536
v -25.919178 0.000001 9.864511
v -73.163689 12.501974 9.864517
v -25.919178 12.501974 9.864510
v -25.919182 12.501972 -9.820538
v -73.163696 12.501972 -9.820530
v -25.919178 0.000001 9.864511
v -25.919178 10.702718 9.864511
v -73.163689 10.702718 9.864517
v -73.163689 0.000001 9.864519
v -25.919182 -0.000001 -9.820536
v -25.919182 10.702716 -9.820537
v -25.919178 10.702718 9.864511
v -25.919178 0.000001 9.864511
v -73.163696 -0.000001 -9.820528
v -73.163696 10.702716 -9.820530
v -25.919182 10.702716 -9.820537
v -25.919182 -0.000001 -9.820536
v -73.163689 0.000001 9.864519
v -73.163689 10.702718 9.864517
v -73.163696 10.702716 -9.820530
v -73.163696 -0.000001 -9.820528
v -25.919178 12.501974 9.864510
v -73.163689 12.501974 9.864517
v -73.163689 10.963820 9.864517
v -25.919178 10.963820 9.864511
v -25.919182 12.501972 -9.820538
v -25.919178 12.501974 9.864510
v -25.919178 10.963820 9.864511
v -25.919182 10.963819 -9.820537
v -73.163696 12.501972 -9.820530
v -25.919182 12.501972 -9.820538
v -25.919182 10.963819 -9.820537
v -73.163696 10.963819 -9.820530
v -73.163689 12.501974 9.864517
v -73.163696 12.501972 -9.820530
v -73.163696 10.963819 -9.820530
v -73.163689 10.963820 9.864517
v -25.919178 10.702718 9.864511
v -27.850624 10.833269 7.933064
v -71.232239 10.833269 7.933071
v -73.163689 10.702718 9.864517
v -25.919182 10.702716 -9.820537
v -27.850628 10.833267 -7.889091
v -27.850624 10.833269 7.933064
v -25.919178 10.702718 9.864511
v -73.163696 10.702716 -9.820530
v -71.232246 10.833267 -7.889084
v -27.850628 10.833267 -7.889091
v -25.919182 10.702716 -9.820537
v -73.163689 10.702718 9.864517
v -71.232239 10.833269 7.933071
v -71.232246 10.833267 -7.889084
v -73.163696 10.702716 -9.820530
v -73.163689 10.963820 9.864517
v -71.232239 10.833269 7.933071
v -27.850624 10.833269 7.933064
v -25.919178 10.963820 9.864511
v -25.919178 10.963820 9.864511
v -27.850624 10.833269 7.933064
v -27.850628 10.833267 -7.889091
v -25.919182 10.963819 -9.820537
v -25.919182 10.963819 -9.820537
v -27.850628 10.833267 -7.889091
v -71.232246 10.833267 -7.889084
v -73.163696 10.963819 -9.820530
v -73.163696 10.963819 -9.820530
v -71.232246 10.833267 -7.889084
v -71.232239 10.833269 7.933071
v -73.163689 10.963820 9.864517
v -55.383327 10.582969 -10.779130
v -55.383327 10.582970 -8.956925
v -55.383324 0.031762 -8.956924
v -55.383324 0.031762 -10.779130
v -57.598709 10.582969 -10.779129
v -57.598709 0.031762 -10.779129
v -57.598709 0.031762 -8.956924
v -57.598709 10.582970 -8.956924
v -55.383327 10.582969 -10.779130
v -55.383324 0.031762 -10.779130
v -57.598709 0.031762 -10.779129
v -57.598709 10.582969 -10.779129
v -55.383324 0.031762 -10.779130
v -55.383324 0.031762 -8.956924
v -57.598709 0.031762 -8.956924
v -57.598709 0.031762 -10.779129
v -55.383327 10.582970 -8.956925
v -55.383327 10.582969 -10.779130
v -57.598709 10.582969 -10.779129
v -57.598709 10.582970 -8.956924
v -42.960957 10.582969 -10.779132
v -42.960957 10.582970 -8.956927
v -42.960957 0.031762 -8.956926
v -42.960957 0.031762 -10.779132
v -45.176338 10.582969 -10.779131
v -45.176338 0.031762 -10.779131
v -45.176338 0.031762 -8.956926
v -45.176338 10.582970 -8.956926
v -42.960957 10.582969 -10.779132
v -42.960957 0.031762 -10.779132
v -45.176338 0.031762 -10.779131
v -45.176338 10.582969 -10.779131
v -42.960957 0.031762 -10.779132
v -42.960957 0.031762 -8.956926
v -45.176338 0.031762 -8.956926
v -45.176338 0.031762 -10.779131
v -42.960957 10.582970 -8.956927
v -42.960957 10.582969 -10.779132
v -45.176338 10.582969 -10.779131
v -45.176338 10.582970 -8.956926
v -34.177231 13.123116 9.644115
v -34.177231 11.300910 9.644115
v -34.177238 11.300911 -9.508900
v -34.177238 13.123116 -9.508900
v -36.392616 13.123116 9.644115
v -36.392620 13.123116 -9.508900
v -36.392616 11.300911 -9.508900
v -36.392616 11.300910 9.644115
v -34.177231 13.123116 9.644115
v -34.177238 13.123116 -9.508900
v -36.392620 13.123116 -9.508900
v -36.392616 13.123116 9.644115
v -34.177238 13.123116 -9.508900
v -34.177238 11.300911 -9.508900
v -36.392616 11.300911 -9.508900
v -36.392620 13.123116 -9.508900
v -34.177231 11.300910 9.644115
v -34.177231 13.123116 9.644115
v -36.392616 13.123116 9.644115
v -36.392616 11.300910 9.644115
v -63.141106 13.123116 9.644119
v -63.141106 11.300910 9.644120
v -63.141109 11.300911 -9.508895
v -63.141109 13.123116 -9.508896
v -65.356483 13.123116 9.644120
v -65.356491 13.123116 -9.508895
v -65.356491 11.300911 -9.508895
v -65.356483 11.300910 9.644120
v -63.141106 13.123116 9.644119
v -63.141109 13.123116 -9.508896
v -65.356491 13.123116 -9.508895
v -65.356483 13.123116 9.644120
v -63.141109 13.123116 -9.508896
v -63.141109 11.300911 -9.508895
v -65.356491 11.300911 -9.508895
v -65.356491 13.123116 -9.508895
v -63.141106 11.300910 9.644120
v -63.141106 13.123116 9.644119
v -65.356483 13.123116 9.644120
v -65.356483 11.300910 9.644120
v -42.960953 10.582972 10.584696
v -42.960953 0.031765 10.584699
v -42.960953 0.031764 8.762494
v -42.960953 10.582972 8.762491
v -45.176334 10.582972 10.584698
v -45.176334 10.582972 8.762492
v -45.176334 0.031764 8.762494
v -45.176334 0.031765 10.584700
v -42.960953 10.582972 10.584696
v -45.176334 10.582972 10.584698
v -45.176334 0.031765 10.584700
v -42.960953 0.031765 10.584699
v -42.960953 0.031765 10.584699
v -45.176334 0.031765 10.584700
v -45.176334 0.031764 8.762494
v -42.960953 0.031764 8.762494
v -42.960953 10.582972 8.762491
v -45.176334 10.582972 8.762492
v -45.176334 10.582972 10.584698
v -42.960953 10.582972 10.584696
v -55.383324 10.582972 10.584698
v -55.383324 0.031765 10.584701
v -55.383324 0.031764 8.762496
v -55.383324 10.582972 8.762493
v -57.598705 10.582972 10.584700
v -57.598705 10.582972 8.762494
v -57.598705 0.031764 8.762496
v -57.598705 0.031765 10.584702
v -55.383324 10.582972 10.584698
v -57.598705 10.582972 10.584700
v -57.598705 0.031765 10.584702
v -55.383324 0.031765 10.584701
v -55.383324 0.031765 10.584701
v -57.598705 0.031765 10.584702
v -57.598705 0.031764 8.762496
v -55.383324 0.031764 8.762496
v -55.383324 10.582972 8.762493
v -57.598705 10.582972 8.762494
v -57.598705 10.582972 10.584700
v -55.383324 10.582972 10.584698
v -67.051392 11.545328 9.774995
v -61.295776 11.545328 9.774994
v -61.295776 11.545328 9.413176
v -67.051392 11.545328 9.413177
v -38.198246 11.545328 9.774991
v -32.442627 11.545328 9.774990
v -32.442627 11.545328 9.413172
v -38.198246 11.545328 9.413173
vn -0.0000 -1.0000 -0.0000
vn -0.0000 1.0000 -0.0000
vn -0.0000 -0.0000 1.0000
vn 1.0000 -0.0000 -0.0000
vn -0.0000 -0.0000 -1.0000
vn -1.0000 -0.0000 -0.0000
vn -0.0000 0.9977 0.0674
vn 0.0674 0.9977 -0.0000
vn -0.0000 0.9977 -0.0674
vn -0.0674 0.9977 -0.0000
vn -0.0000 -0.9977 0.0674
vn 0.0674 -0.9977 -0.0000
vn -0.0000 -0.9977 -0.0674
vn -0.0674 -0.9977 -0.0000
vt 0.000500 0.273303
vt 0.000500 0.544828
vt 0.652164 0.544828
vt 0.652164 0.273303
vt 0.000500 0.272024
vt 0.652164 0.272024
vt 0.652164 0.000500
vt 0.000500 0.000500
vt 0.652164 0.772164
vt 0.652164 0.624537
vt 0.000500 0.624537
vt 0.000500 0.772164
vt 0.926753 0.226557
vt 0.926753 0.078930
vt 0.655228 0.078930
vt 0.655228 0.226557
vt 0.652164 0.999500
vt 0.652164 0.851873
vt 0.000500 0.851873
vt 0.000500 0.999500
vt 0.926753 0.458440
vt 0.926753 0.310813
vt 0.655228 0.310813
vt 0.655228 0.458440
vt 0.652164 0.549919
vt 0.000500 0.549919
vt 0.000500 0.571135
vt 0.652164 0.571135
vt 0.926753 0.004310
vt 0.655228 0.004310
vt 0.655228 0.025526
vt 0.926753 0.025526
vt 0.652164 0.777255
vt 0.000500 0.777255
vt 0.000500 0.798471
vt 0.652164 0.798471
vt 0.926753 0.236193
vt 0.655228 0.236193
vt 0.655228 0.257409
vt 0.926753 0.257409
vt 0.625523 0.597836
vt 0.027141 0.597836
vt 0.900111 0.052228
vt 0.681870 0.052228
vt 0.625523 0.825172
vt 0.027141 0.825172
vt 0.900111 0.284111
vt 0.681870 0.284111
vt 0.766752 0.840349
vt 0.755256 0.828853
vt 0.755256 0.999500
vt 0.766752 0.988004
vt 0.791700 0.840349
vt 0.791700 0.988004
vt 0.803196 0.999500
vt 0.803196 0.828853
vt 0.866780 0.840349
vt 0.855284 0.828853
vt 0.855284 0.999500
vt 0.866780 0.988004
vt 0.891728 0.840349
vt 0.891728 0.988004
vt 0.903224 0.999500
vt 0.903224 0.828853
vt 0.740821 0.988277
vt 0.752044 0.999500
vt 0.752044 0.709280
vt 0.740821 0.720504
vt 0.716466 0.988277
vt 0.716466 0.720504
vt 0.705242 0.709280
vt 0.705242 0.999500
vt 0.690807 0.988277
vt 0.702031 0.999500
vt 0.702031 0.709280
vt 0.690807 0.720504
vt 0.666451 0.988277
vt 0.666452 0.720504
vt 0.655228 0.709280
vt 0.655228 0.999500
vt 0.941742 0.840349
vt 0.941742 0.988004
vt 0.953238 0.999500
vt 0.953238 0.828853
vt 0.916794 0.840349
vt 0.905298 0.828853
vt 0.905298 0.999500
vt 0.916794 0.988004
vt 0.841714 0.840349
vt 0.841714 0.988004
vt 0.853210 0.999500
vt 0.853210 0.828853
vt 0.816766 0.840349
vt 0.805270 0.828853
vt 0.805270 0.999500
vt 0.816766 0.988004
vt 0.129376 1.988804
vt 0.251202 1.988804
vt 0.251202 1.971868
vt 0.129376 1.971868
vt 0.740095 1.988804
vt 0.861922 1.988804
vt 0.861922 1.971868
vt 0.740095 1.971868
s 0
usemtl Material_29
f 1479/877/223 1480/878/223 1481/879/223
f 1479/877/223 1481/879/223 1482/880/223
f 1483/881/224 1484/882/224 1485/883/224
f 1483/881/224 1485/883/224 1486/884/224
f 1487/885/225 1488/886/225 1489/887/225
f 1487/885/225 1489/887/225 1490/888/225
f 1491/889/226 1492/890/226 1493/891/226
f 1491/889/226 1493/891/226 1494/892/226
f 1495/893/227 1496/894/227 1497/895/227
f 1495/893/227 1497/895/227 1498/896/227
f 1499/897/228 1500/898/228 1501/899/228
f 1499/897/228 1501/899/228 1502/900/228
f 1503/901/225 1504/902/225 1505/903/225
f 1503/901/225 1505/903/225 1506/904/225
f 1507/905/226 1508/906/226 1509/907/226
f 1507/905/226 1509/907/226 1510/908/226
f 1511/909/227 1512/910/227 1513/911/227
f 1511/909/227 1513/911/227 1514/912/227
f 1515/913/228 1516/914/228 1517/915/228
f 1515/913/228 1517/915/228 1518/916/228
f 1519/886/229 1520/917/229 1521/918/229
f 1519/886/229 1521/918/229 1522/887/229
f 1523/890/230 1524/919/230 1525/920/230
f 1523/890/230 1525/920/230 1526/891/230
f 1527/894/231 1528/921/231 1529/922/231
f 1527/894/231 1529/922/231 1530/895/231
f 1531/898/232 1532/923/232 1533/924/232
f 1531/898/232 1533/924/232 1534/899/232
f 1535/903/233 1536/918/233 1537/917/233
f 1535/903/233 1537/917/233 1538/904/233
f 1539/907/234 1540/920/234 1541/919/234
f 1539/907/234 1541/919/234 1542/908/234
f 1543/911/235 1544/922/235 1545/921/235
f 1543/911/235 1545/921/235 1546/912/235
f 1547/915/236 1548/924/236 1549/923/236
f 1547/915/236 1549/923/236 1550/916/236
f 1551/925/226 1552/926/226 1553/927/226
f 1551/925/226 1553/927/226 1554/928/226
f 1555/929/228 1556/930/228 1557/931/228
f 1555/929/228 1557/931/228 1558/932/228
f 1559/925/227 1560/928/227 1561/930/227
f 1559/925/227 1561/930/227 1562/929/227
f 1563/928/223 1564/927/223 1565/931/223
f 1563/928/223 1565/931/223 1566/930/223
f 1567/926/224 1568/925/224 1569/929/224
f 1567/926/224 1569/929/224 1570/932/224
f 1571/933/226 1572/934/226 1573/935/226
f 1571/933/226 1573/935/226 1574/936/226
f 1575/937/228 1576/938/228 1577/939/228
f 1575/937/228 1577/939/228 1578/940/228
f 1579/933/227 1580/936/227 1581/938/227
f 1579/933/227 1581/938/227 1582/937/227
f 1583/936/223 1584/935/223 1585/939/223
f 1583/936/223 1585/939/223 1586/938/223
f 1587/934/224 1588/933/224 1589/937/224
f 1587/934/224 1589/937/224 1590/940/224
f 1591/941/226 1592/942/226 1593/943/226
f 1591/941/226 1593/943/226 1594/944/226
f 1595/945/228 1596/946/228 1597/947/228
f 1595/945/228 1597/947/228 1598/948/228
f 1599/941/224 1600/944/224 1601/946/224
f 1599/941/224 1601/946/224 1602/945/224
f 1603/944/227 1604/943/227 1605/947/227
f 1603/944/227 1605/947/227 1606/946/227
f 1607/942/225 1608/941/225 1609/945/225
f 1607/942/225 1609/945/225 1610/948/225
f 1611/949/226 1612/950/226 1613/951/226
f 1611/949/226 1613/951/226 1614/952/226
f 1615/953/228 1616/954/228 1617/955/228
f 1615/953/228 1617/955/228 1618/956/228
f 1619/949/224 1620/952/224 1621/954/224
f 1619/949/224 1621/954/224 1622/953/224
f 1623/952/227 1624/951/227 1625/955/227
f 1623/952/227 1625/955/227 1626/954/227
f 1627/950/225 1628/949/225 1629/953/225
f 1627/950/225 1629/953/225 1630/956/225
f 1631/957/226 1632/958/226 1633/959/226
f 1631/957/226 1633/959/226 1634/960/226
f 1635/961/228 1636/962/228 1637/963/228
f 1635/961/228 1637/963/228 1638/964/228
f 1639/957/225 1640/961/225 1641/964/225
f 1639/957/225 1641/964/225 1642/958/225
f 1643/958/223 1644/964/223 1645/963/223
f 1643/958/223 1645/963/223 1646/959/223
f 1647/960/224 1648/962/224 1649/961/224
f 1647/960/224 1649/961/224 1650/957/224
f 1651/965/226 1652/966/226 1653/967/226
f 1651/965/226 1653/967/226 1654/968/226
f 1655/969/228 1656/970/228 1657/971/228
f 1655/969/228 1657/971/228 1658/972/228
f 1659/965/225 1660/969/225 1661/972/225
f 1659/965/225 1661/972/225 1662/966/225
f 1663/966/223 1664/972/223 1665/971/223
f 1663/966/223 1665/971/223 1666/967/223
f 1667/968/224 1668/970/224 1669/969/224
f 1667/968/224 1669/969/224 1670/965/224
f 1671/973/224 1672/974/224 1673/975/224
f 1671/973/224 1673/975/224 1674/976/224
f 1675/977/224 1676/978/224 1677/979/224
f 1675/977/224 1677/979/224 1678/980/224
o             _       .010
v -73.163689 0.000001 31.410088
v -73.163696 -0.000001 11.725040
v -25.919182 -0.000001 11.725033
v -25.919178 0.000001 31.410080
v -73.163689 12.501974 31.410086
v -25.919178 12.501974 31.410078
v -25.919182 12.501972 11.725031
v -73.163696 12.501972 11.725039
v -25.919178 0.000001 31.410080
v -25.919178 10.702718 31.410080
v -73.163689 10.702718 31.410086
v -73.163689 0.000001 31.410088
v -25.919182 -0.000001 11.725033
v -25.919182 10.702716 11.725032
v -25.919178 10.702718 31.410080
v -25.919178 0.000001 31.410080
v -73.163696 -0.000001 11.725040
v -73.163696 10.702716 11.725039
v -25.919182 10.702716 11.725032
v -25.919182 -0.000001 11.725033
v -73.163689 0.000001 31.410088
v -73.163689 10.702718 31.410086
v -73.163696 10.702716 11.725039
v -73.163696 -0.000001 11.725040
v -25.919178 12.501974 31.410078
v -73.163689 12.501974 31.410086
v -73.163689 10.963820 31.410086
v -25.919178 10.963820 31.410080
v -25.919182 12.501972 11.725031
v -25.919178 12.501974 31.410078
v -25.919178 10.963820 31.410080
v -25.919182 10.963819 11.725032
v -73.163696 12.501972 11.725039
v -25.919182 12.501972 11.725031
v -25.919182 10.963819 11.725032
v -73.163696 10.963819 11.725039
v -73.163689 12.501974 31.410086
v -73.163696 12.501972 11.725039
v -73.163696 10.963819 11.725039
v -73.163689 10.963820 31.410086
v -25.919178 10.702718 31.410080
v -27.850624 10.833269 29.478634
v -71.232239 10.833269 29.478640
v -73.163689 10.702718 31.410086
v -25.919182 10.702716 11.725032
v -27.850628 10.833267 13.656478
v -27.850624 10.833269 29.478634
v -25.919178 10.702718 31.410080
v -73.163696 10.702716 11.725039
v -71.232246 10.833267 13.656485
v -27.850628 10.833267 13.656478
v -25.919182 10.702716 11.725032
v -73.163689 10.702718 31.410086
v -71.232239 10.833269 29.478640
v -71.232246 10.833267 13.656485
v -73.163696 10.702716 11.725039
v -73.163689 10.963820 31.410086
v -71.232239 10.833269 29.478640
v -27.850624 10.833269 29.478634
v -25.919178 10.963820 31.410080
v -25.919178 10.963820 31.410080
v -27.850624 10.833269 29.478634
v -27.850628 10.833267 13.656478
v -25.919182 10.963819 11.725032
v -25.919182 10.963819 11.725032
v -27.850628 10.833267 13.656478
v -71.232246 10.833267 13.656485
v -73.163696 10.963819 11.725039
v -73.163696 10.963819 11.725039
v -71.232246 10.833267 13.656485
v -71.232239 10.833269 29.478640
v -73.163689 10.963820 31.410086
v -55.383327 10.582969 10.766438
v -55.383327 10.582970 12.588643
v -55.383324 0.031762 12.588644
v -55.383324 0.031762 10.766438
v -57.598709 10.582969 10.766439
v -57.598709 0.031762 10.766439
v -57.598709 0.031762 12.588644
v -57.598709 10.582970 12.588644
v -55.383327 10.582969 10.766438
v -55.383324 0.031762 10.766438
v -57.598709 0.031762 10.766439
v -57.598709 10.582969 10.766439
v -55.383324 0.031762 10.766438
v -55.383324 0.031762 12.588644
v -57.598709 0.031762 12.588644
v -57.598709 0.031762 10.766439
v -55.383327 10.582970 12.588643
v -55.383327 10.582969 10.766438
v -57.598709 10.582969 10.766439
v -57.598709 10.582970 12.588644
v -42.960957 10.582969 10.766437
v -42.960957 10.582970 12.588641
v -42.960957 0.031762 12.588642
v -42.960957 0.031762 10.766437
v -45.176338 10.582969 10.766438
v -45.176338 0.031762 10.766438
v -45.176338 0.031762 12.588642
v -45.176338 10.582970 12.588642
v -42.960957 10.582969 10.766437
v -42.960957 0.031762 10.766437
v -45.176338 0.031762 10.766438
v -45.176338 10.582969 10.766438
v -42.960957 0.031762 10.766437
v -42.960957 0.031762 12.588642
v -45.176338 0.031762 12.588642
v -45.176338 0.031762 10.766438
v -42.960957 10.582970 12.588641
v -42.960957 10.582969 10.766437
v -45.176338 10.582969 10.766438
v -45.176338 10.582970 12.588642
v -34.177231 13.123116 31.189684
v -34.177231 11.300910 31.189684
v -34.177238 11.300911 12.036669
v -34.177238 13.123116 12.036669
v -36.392616 13.123116 31.189684
v -36.392620 13.123116 12.036669
v -36.392616 11.300911 12.036669
v -36.392616 11.300910 31.189684
v -34.177231 13.123116 31.189684
v -34.177238 13.123116 12.036669
v -36.392620 13.123116 12.036669
v -36.392616 13.123116 31.189684
v -34.177238 13.123116 12.036669
v -34.177238 11.300911 12.036669
v -36.392616 11.300911 12.036669
v -36.392620 13.123116 12.036669
v -34.177231 11.300910 31.189684
v -34.177231 13.123116 31.189684
v -36.392616 13.123116 31.189684
v -36.392616 11.300910 31.189684
v -63.141106 13.123116 31.189688
v -63.141106 11.300910 31.189690
v -63.141109 11.300911 12.036674
v -63.141109 13.123116 12.036673
v -65.356483 13.123116 31.189690
v -65.356491 13.123116 12.036674
v -65.356491 11.300911 12.036674
v -65.356483 11.300910 31.189690
v -63.141106 13.123116 31.189688
v -63.141109 13.123116 12.036673
v -65.356491 13.123116 12.036674
v -65.356483 13.123116 31.189690
v -63.141109 13.123116 12.036673
v -63.141109 11.300911 12.036674
v -65.356491 11.300911 12.036674
v -65.356491 13.123116 12.036674
v -63.141106 11.300910 31.189690
v -63.141106 13.123116 31.189688
v -65.356483 13.123116 31.189690
v -65.356483 11.300910 31.189690
v -42.960953 10.582972 32.130264
v -42.960953 0.031765 32.130268
v -42.960953 0.031764 30.308064
v -42.960953 10.582972 30.308060
v -45.176334 10.582972 32.130264
v -45.176334 10.582972 30.308060
v -45.176334 0.031764 30.308064
v -45.176334 0.031765 32.130268
v -42.960953 10.582972 32.130264
v -45.176334 10.582972 32.130264
v -45.176334 0.031765 32.130268
v -42.960953 0.031765 32.130268
v -42.960953 0.031765 32.130268
v -45.176334 0.031765 32.130268
v -45.176334 0.031764 30.308064
v -42.960953 0.031764 30.308064
v -42.960953 10.582972 30.308060
v -45.176334 10.582972 30.308060
v -45.176334 10.582972 32.130264
v -42.960953 10.582972 32.130264
v -55.383324 10.582972 32.130264
v -55.383324 0.031765 32.130268
v -55.383324 0.031764 30.308064
v -55.383324 10.582972 30.308062
v -57.598705 10.582972 32.130268
v -57.598705 10.582972 30.308064
v -57.598705 0.031764 30.308064
v -57.598705 0.031765 32.130272
v -55.383324 10.582972 32.130264
v -57.598705 10.582972 32.130268
v -57.598705 0.031765 32.130272
v -55.383324 0.031765 32.130268
v -55.383324 0.031765 32.130268
v -57.598705 0.031765 32.130272
v -57.598705 0.031764 30.308064
v -55.383324 0.031764 30.308064
v -55.383324 10.582972 30.308062
v -57.598705 10.582972 30.308064
v -57.598705 10.582972 32.130268
v -55.383324 10.582972 32.130264
v -67.051392 11.545328 31.320564
v -61.295776 11.545328 31.320562
v -61.295776 11.545328 30.958744
v -67.051392 11.545328 30.958744
v -38.198246 11.545328 31.320560
v -32.442627 11.545328 31.320559
v -32.442627 11.545328 30.958740
v -38.198246 11.545328 30.958740
vn -0.0000 -1.0000 -0.0000
vn -0.0000 1.0000 -0.0000
vn -0.0000 -0.0000 1.0000
vn 1.0000 -0.0000 -0.0000
vn -0.0000 -0.0000 -1.0000
vn -1.0000 -0.0000 -0.0000
vn -0.0000 0.9977 0.0674
vn 0.0674 0.9977 -0.0000
vn -0.0000 0.9977 -0.0674
vn -0.0674 0.9977 -0.0000
vn -0.0000 -0.9977 0.0674
vn 0.0674 -0.9977 -0.0000
vn -0.0000 -0.9977 -0.0674
vn -0.0674 -0.9977 -0.0000
vt 0.000500 0.273303
vt 0.000500 0.544828
vt 0.652164 0.544828
vt 0.652164 0.273303
vt 0.000500 0.272024
vt 0.652164 0.272024
vt 0.652164 0.000500
vt 0.000500 0.000500
vt 0.652164 0.772164
vt 0.652164 0.624537
vt 0.000500 0.624537
vt 0.000500 0.772164
vt 0.926753 0.226557
vt 0.926753 0.078930
vt 0.655228 0.078930
vt 0.655228 0.226557
vt 0.652164 0.999500
vt 0.652164 0.851873
vt 0.000500 0.851873
vt 0.000500 0.999500
vt 0.926753 0.458440
vt 0.926753 0.310813
vt 0.655228 0.310813
vt 0.655228 0.458440
vt 0.652164 0.549919
vt 0.000500 0.549919
vt 0.000500 0.571135
vt 0.652164 0.571135
vt 0.926753 0.004310
vt 0.655228 0.004310
vt 0.655228 0.025526
vt 0.926753 0.025526
vt 0.652164 0.777255
vt 0.000500 0.777255
vt 0.000500 0.798471
vt 0.652164 0.798471
vt 0.926753 0.236193
vt 0.655228 0.236193
vt 0.655228 0.257409
vt 0.926753 0.257409
vt 0.625523 0.597836
vt 0.027141 0.597836
vt 0.900111 0.052228
vt 0.681870 0.052228
vt 0.625523 0.825172
vt 0.027141 0.825172
vt 0.900111 0.284111
vt 0.681870 0.284111
vt 0.766752 0.840349
vt 0.755256 0.828853
vt 0.755256 0.999500
vt 0.766752 0.988004
vt 0.791700 0.840349
vt 0.791700 0.988004
vt 0.803196 0.999500
vt 0.803196 0.828853
vt 0.866780 0.840349
vt 0.855284 0.828853
vt 0.855284 0.999500
vt 0.866780 0.988004
vt 0.891728 0.840349
vt 0.891728 0.988004
vt 0.903224 0.999500
vt 0.903224 0.828853
vt 0.740821 0.988277
vt 0.752044 0.999500
vt 0.752044 0.709280
vt 0.740821 0.720504
vt 0.716466 0.988277
vt 0.716466 0.720504
vt 0.705242 0.709280
vt 0.705242 0.999500
vt 0.690807 0.988277
vt 0.702031 0.999500
vt 0.702031 0.709280
vt 0.690807 0.720504
vt 0.666451 0.988277
vt 0.666452 0.720504
vt 0.655228 0.709280
vt 0.655228 0.999500
vt 0.941742 0.840349
vt 0.941742 0.988004
vt 0.953238 0.999500
vt 0.953238 0.828853
vt 0.916794 0.840349
vt 0.905298 0.828853
vt 0.905298 0.999500
vt 0.916794 0.988004
vt 0.841714 0.840349
vt 0.841714 0.988004
vt 0.853210 0.999500
vt 0.853210 0.828853
vt 0.816766 0.840349
vt 0.805270 0.828853
vt 0.805270 0.999500
vt 0.816766 0.988004
vt 0.129376 1.988804
vt 0.251202 1.988804
vt 0.251202 1.971868
vt 0.129376 1.971868
vt 0.740095 1.988804
vt 0.861922 1.988804
vt 0.861922 1.971868
vt 0.740095 1.971868
s 0
usemtl Material_29
f 1679/981/237 1680/982/237 1681/983/237
f 1679/981/237 1681/983/237 1682/984/237
f 1683/985/238 1684/986/238 1685/987/238
f 1683/985/238 1685/987/238 1686/988/238
f 1687/989/239 1688/990/239 1689/991/239
f 1687/989/239 1689/991/239 1690/992/239
f 1691/993/240 1692/994/240 1693/995/240
f 1691/993/240 1693/995/240 1694/996/240
f 1695/997/241 1696/998/241 1697/999/241
f 1695/997/241 1697/999/241 1698/1000/241
f 1699/1001/242 1700/1002/242 1701/1003/242
f 1699/1001/242 1701/1003/242 1702/1004/242
f 1703/1005/239 1704/1006/239 1705/1007/239
f 1703/1005/239 1705/1007/239 1706/1008/239
f 1707/1009/240 1708/1010/240 1709/1011/240
f 1707/1009/240 1709/1011/240 1710/1012/240
f 1711/1013/241 1712/1014/241 1713/1015/241
f 1711/1013/241 1713/1015/241 1714/1016/241
f 1715/1017/242 1716/1018/242 1717/1019/242
f 1715/1017/242 1717/1019/242 1718/1020/242
f 1719/990/243 1720/1021/243 1721/1022/243
f 1719/990/243 1721/1022/243 1722/991/243
f 1723/994/244 1724/1023/244 1725/1024/244
f 1723/994/244 1725/1024/244 1726/995/244
f 1727/998/245 1728/1025/245 1729/1026/245
f 1727/998/245 1729/1026/245 1730/999/245
f 1731/1002/246 1732/1027/246 1733/1028/246
f 1731/1002/246 1733/1028/246 1734/1003/246
f 1735/1007/247 1736/1022/247 1737/1021/247
f 1735/1007/247 1737/1021/247 1738/1008/247
f 1739/1011/248 1740/1024/248 1741/1023/248
f 1739/1011/248 1741/1023/248 1742/1012/248
f 1743/1015/249 1744/1026/249 1745/1025/249
f 1743/1015/249 1745/1025/249 1746/1016/249
f 1747/1019/250 1748/1028/250 1749/1027/250
f 1747/1019/250 1749/1027/250 1750/1020/250
f 1751/1029/240 1752/1030/240 1753/1031/240
f 1751/1029/240 1753/1031/240 1754/1032/240
f 1755/1033/242 1756/1034/242 1757/1035/242
f 1755/1033/242 1757/1035/242 1758/1036/242
f 1759/1029/241 1760/1032/241 1761/1034/241
f 1759/1029/241 1761/1034/241 1762/1033/241
f 1763/1032/237 1764/1031/237 1765/1035/237
f 1763/1032/237 1765/1035/237 1766/1034/237
f 1767/1030/238 1768/1029/238 1769/1033/238
f 1767/1030/238 1769/1033/238 1770/1036/238
f 1771/1037/240 1772/1038/240 1773/1039/240
f 1771/1037/240 1773/1039/240 1774/1040/240
f 1775/1041/242 1776/1042/242 1777/1043/242
f 1775/1041/242 1777/1043/242 1778/1044/242
f 1779/1037/241 1780/1040/241 1781/1042/241
f 1779/1037/241 1781/1042/241 1782/1041/241
f 1783/1040/237 1784/1039/237 1785/1043/237
f 1783/1040/237 1785/1043/237 1786/1042/237
f 1787/1038/238 1788/1037/238 1789/1041/238
f 1787/1038/238 1789/1041/238 1790/1044/238
f 1791/1045/240 1792/1046/240 1793/1047/240
f 1791/1045/240 1793/1047/240 1794/1048/240
f 1795/1049/242 1796/1050/242 1797/1051/242
f 1795/1049/242 1797/1051/242 1798/1052/242
f 1799/1045/238 1800/1048/238 1801/1050/238
f 1799/1045/238 1801/1050/238 1802/1049/238
f 1803/1048/241 1804/1047/241 1805/1051/241
f 1803/1048/241 1805/1051/241 1806/1050/241
f 1807/1046/239 1808/1045/239 1809/1049/239
f 1807/1046/239 1809/1049/239 1810/1052/239
f 1811/1053/240 1812/1054/240 1813/1055/240
f 1811/1053/240 1813/1055/240 1814/1056/240
f 1815/1057/242 1816/1058/242 1817/1059/242
f 1815/1057/242 1817/1059/242 1818/1060/242
f 1819/1053/238 1820/1056/238 1821/1058/238
f 1819/1053/238 1821/1058/238 1822/1057/238
f 1823/1056/241 1824/1055/241 1825/1059/241
f 1823/1056/241 1825/1059/241 1826/1058/241
f 1827/1054/239 1828/1053/239 1829/1057/239
f 1827/1054/239 1829/1057/239 1830/1060/239
f 1831/1061/240 1832/1062/240 1833/1063/240
f 1831/1061/240 1833/1063/240 1834/1064/240
f 1835/1065/242 1836/1066/242 1837/1067/242
f 1835/1065/242 1837/1067/242 1838/1068/242
f 1839/1061/239 1840/1065/239 1841/1068/239
f 1839/1061/239 1841/1068/239 1842/1062/239
f 1843/1062/237 1844/1068/237 1845/1067/237
f 1843/1062/237 1845/1067/237 1846/1063/237
f 1847/1064/238 1848/1066/238 1849/1065/238
f 1847/1064/238 1849/1065/238 1850/1061/238
f 1851/1069/240 1852/1070/240 1853/1071/240
f 1851/1069/240 1853/1071/240 1854/1072/240
f 1855/1073/242 1856/1074/242 1857/1075/242
f 1855/1073/242 1857/1075/242 1858/1076/242
f 1859/1069/239 1860/1073/239 1861/1076/239
f 1859/1069/239 1861/1076/239 1862/1070/239
f 1863/1070/237 1864/1076/237 1865/1075/237
f 1863/1070/237 1865/1075/237 1866/1071/237
f 1867/1072/238 1868/1074/238 1869/1073/238
f 1867/1072/238 1869/1073/238 1870/1069/238
f 1871/1077/238 1872/1078/238 1873/1079/238
f 1871/1077/238 1873/1079/238 1874/1080/238
f 1875/1081/238 1876/1082/238 1877/1083/238
f 1875/1081/238 1877/1083/238 1878/1084/238
o             _       .012
v -24.156193 13.309725 32.169884
v -24.156197 13.309723 12.484838
v 23.088314 13.309723 12.484831
v 23.088318 13.309725 32.169876
v -24.156193 25.811699 32.169884
v 23.088318 25.811699 32.169876
v 23.088314 25.811695 12.484829
v -24.156197 25.811695 12.484837
v 23.088318 13.309725 32.169876
v 23.088318 24.012442 32.169876
v -24.156193 24.012442 32.169884
v -24.156193 13.309725 32.169884
v 23.088314 13.309723 12.484831
v 23.088314 24.012440 12.484830
v 23.088318 24.012442 32.169876
v 23.088318 13.309725 32.169876
v -24.156197 13.309723 12.484838
v -24.156197 24.012440 12.484837
v 23.088314 24.012440 12.484830
v 23.088314 13.309723 12.484831
v -24.156193 13.309725 32.169884
v -24.156193 24.012442 32.169884
v -24.156197 24.012440 12.484837
v -24.156197 13.309723 12.484838
v 23.088318 25.811699 32.169876
v -24.156193 25.811699 32.169884
v -24.156193 24.273544 32.169884
v 23.088318 24.273544 32.169876
v 23.088314 25.811695 12.484829
v 23.088318 25.811699 32.169876
v 23.088318 24.273544 32.169876
v 23.088314 24.273542 12.484830
v -24.156197 25.811695 12.484837
v 23.088314 25.811695 12.484829
v 23.088314 24.273542 12.484830
v -24.156197 24.273542 12.484837
v -24.156193 25.811699 32.169884
v -24.156197 25.811695 12.484837
v -24.156197 24.273542 12.484837
v -24.156193 24.273544 32.169884
v 23.088318 24.012442 32.169876
v 21.156872 24.142994 30.238430
v -22.224747 24.142994 30.238438
v -24.156193 24.012442 32.169884
v 23.088314 24.012440 12.484830
v 21.156868 24.142990 14.416276
v 21.156872 24.142994 30.238430
v 23.088318 24.012442 32.169876
v -24.156197 24.012440 12.484837
v -22.224751 24.142990 14.416283
v 21.156868 24.142990 14.416276
v 23.088314 24.012440 12.484830
v -24.156193 24.012442 32.169884
v -22.224747 24.142994 30.238438
v -22.224751 24.142990 14.416283
v -24.156197 24.012440 12.484837
v -24.156193 24.273544 32.169884
v -22.224747 24.142994 30.238438
v 21.156872 24.142994 30.238430
v 23.088318 24.273544 32.169876
v 23.088318 24.273544 32.169876
v 21.156872 24.142994 30.238430
v 21.156868 24.142990 14.416276
v 23.088314 24.273542 12.484830
v 23.088314 24.273542 12.484830
v 21.156868 24.142990 14.416276
v -22.224751 24.142990 14.416283
v -24.156197 24.273542 12.484837
v -24.156197 24.273542 12.484837
v -22.224751 24.142990 14.416283
v -22.224747 24.142994 30.238438
v -24.156193 24.273544 32.169884
v -6.375830 23.892693 11.526237
v -6.375830 23.892693 13.348441
v -6.375829 13.341486 13.348442
v -6.375829 13.341485 11.526237
v -8.591211 23.892693 11.526237
v -8.591211 13.341485 11.526237
v -8.591211 13.341486 13.348442
v -8.591211 23.892693 13.348442
v -6.375830 23.892693 11.526237
v -6.375829 13.341485 11.526237
v -8.591211 13.341485 11.526237
v -8.591211 23.892693 11.526237
v -6.375829 13.341485 11.526237
v -6.375829 13.341486 13.348442
v -8.591211 13.341486 13.348442
v -8.591211 13.341485 11.526237
v -6.375830 23.892693 13.348441
v -6.375830 23.892693 11.526237
v -8.591211 23.892693 11.526237
v -8.591211 23.892693 13.348442
v 6.046539 23.892693 11.526235
v 6.046540 23.892693 13.348439
v 6.046540 13.341486 13.348440
v 6.046540 13.341485 11.526235
v 3.831158 23.892693 11.526236
v 3.831158 13.341485 11.526236
v 3.831158 13.341486 13.348440
v 3.831158 23.892693 13.348440
v 6.046539 23.892693 11.526235
v 6.046540 13.341485 11.526235
v 3.831158 13.341485 11.526236
v 3.831158 23.892693 11.526236
v 6.046540 13.341485 11.526235
v 6.046540 13.341486 13.348440
v 3.831158 13.341486 13.348440
v 3.831158 13.341485 11.526236
v 6.046540 23.892693 13.348439
v 6.046539 23.892693 11.526235
v 3.831158 23.892693 11.526236
v 3.831158 23.892693 13.348440
v 14.830263 26.432838 31.949482
v 14.830263 24.610634 31.949482
v 14.830259 24.610634 12.796467
v 14.830259 26.432840 12.796467
v 12.614882 26.432838 31.949482
v 12.614878 26.432840 12.796467
v 12.614878 24.610634 12.796467
v 12.614882 24.610634 31.949482
v 14.830263 26.432838 31.949482
v 14.830259 26.432840 12.796467
v 12.614878 26.432840 12.796467
v 12.614882 26.432838 31.949482
v 14.830259 26.432840 12.796467
v 14.830259 24.610634 12.796467
v 12.614878 24.610634 12.796467
v 12.614878 26.432840 12.796467
v 14.830263 24.610634 31.949482
v 14.830263 26.432838 31.949482
v 12.614882 26.432838 31.949482
v 12.614882 24.610634 31.949482
v -14.133608 26.432838 31.949486
v -14.133608 24.610634 31.949486
v -14.133612 24.610634 12.796472
v -14.133612 26.432840 12.796471
v -16.348989 26.432838 31.949486
v -16.348995 26.432840 12.796472
v -16.348993 24.610634 12.796472
v -16.348989 24.610634 31.949486
v -14.133608 26.432838 31.949486
v -14.133612 26.432840 12.796471
v -16.348995 26.432840 12.796472
v -16.348989 26.432838 31.949486
v -14.133612 26.432840 12.796471
v -14.133612 24.610634 12.796472
v -16.348993 24.610634 12.796472
v -16.348995 26.432840 12.796472
v -14.133608 24.610634 31.949486
v -14.133608 26.432838 31.949486
v -16.348989 26.432838 31.949486
v -16.348989 24.610634 31.949486
v 6.046542 23.892696 32.890060
v 6.046543 13.341488 32.890064
v 6.046543 13.341488 31.067860
v 6.046543 23.892696 31.067858
v 3.831161 23.892696 32.890064
v 3.831161 23.892696 31.067860
v 3.831161 13.341488 31.067860
v 3.831161 13.341488 32.890068
v 6.046542 23.892696 32.890060
v 3.831161 23.892696 32.890064
v 3.831161 13.341488 32.890068
v 6.046543 13.341488 32.890064
v 6.046543 13.341488 32.890064
v 3.831161 13.341488 32.890068
v 3.831161 13.341488 31.067860
v 6.046543 13.341488 31.067860
v 6.046543 23.892696 31.067858
v 3.831161 23.892696 31.067860
v 3.831161 23.892696 32.890064
v 6.046542 23.892696 32.890060
v -6.375827 23.892696 32.890064
v -6.375826 13.341488 32.890068
v -6.375826 13.341488 31.067863
v -6.375827 23.892696 31.067860
v -8.591208 23.892696 32.890068
v -8.591209 23.892696 31.067860
v -8.591209 13.341488 31.067863
v -8.591208 13.341488 32.890068
v -6.375827 23.892696 32.890064
v -8.591208 23.892696 32.890068
v -8.591208 13.341488 32.890068
v -6.375826 13.341488 32.890068
v -6.375826 13.341488 32.890068
v -8.591208 13.341488 32.890068
v -8.591209 13.341488 31.067863
v -6.375826 13.341488 31.067863
v -6.375827 23.892696 31.067860
v -8.591209 23.892696 31.067860
v -8.591208 23.892696 32.890068
v -6.375827 23.892696 32.890064
v -18.043898 24.855053 32.080360
v -12.288280 24.855053 32.080360
v -12.288280 24.855053 31.718542
v -18.043898 24.855053 31.718544
v 10.809250 24.855053 32.080357
v 16.564867 24.855053 32.080357
v 16.564867 24.855053 31.718538
v 10.809250 24.855053 31.718540
vn -0.0000 -1.0000 -0.0000
vn -0.0000 1.0000 -0.0000
vn -0.0000 -0.0000 1.0000
vn 1.0000 -0.0000 -0.0000
vn -0.0000 -0.0000 -1.0000
vn -1.0000 -0.0000 -0.0000
vn -0.0000 0.9977 0.0674
vn 0.0674 0.9977 -0.0000
vn -0.0000 0.9977 -0.0674
vn -0.0674 0.9977 -0.0000
vn -0.0000 -0.9977 0.0674
vn 0.0674 -0.9977 -0.0000
vn -0.0000 -0.9977 -0.0674
vn -0.0674 -0.9977 -0.0000
vt 0.000500 0.273303
vt 0.000500 0.544828
vt 0.652164 0.544828
vt 0.652164 0.273303
vt 0.000500 0.272024
vt 0.652164 0.272024
vt 0.652164 0.000500
vt 0.000500 0.000500
vt 0.652164 0.772164
vt 0.652164 0.624537
vt 0.000500 0.624537
vt 0.000500 0.772164
vt 0.926753 0.226557
vt 0.926753 0.078930
vt 0.655228 0.078930
vt 0.655228 0.226557
vt 0.652164 0.999500
vt 0.652164 0.851873
vt 0.000500 0.851873
vt 0.000500 0.999500
vt 0.926753 0.458440
vt 0.926753 0.310813
vt 0.655228 0.310813
vt 0.655228 0.458440
vt 0.652164 0.549919
vt 0.000500 0.549919
vt 0.000500 0.571135
vt 0.652164 0.571135
vt 0.926753 0.004310
vt 0.655228 0.004310
vt 0.655228 0.025526
vt 0.926753 0.025526
vt 0.652164 0.777255
vt 0.000500 0.777255
vt 0.000500 0.798471
vt 0.652164 0.798471
vt 0.926753 0.236193
vt 0.655228 0.236193
vt 0.655228 0.257409
vt 0.926753 0.257409
vt 0.625523 0.597836
vt 0.027141 0.597836
vt 0.900111 0.052228
vt 0.681870 0.052228
vt 0.625523 0.825172
vt 0.027141 0.825172
vt 0.900111 0.284111
vt 0.681870 0.284111
vt 0.766752 0.840349
vt 0.755256 0.828853
vt 0.755256 0.999500
vt 0.766752 0.988004
vt 0.791700 0.840349
vt 0.791700 0.988004
vt 0.803196 0.999500
vt 0.803196 0.828853
vt 0.866780 0.840349
vt 0.855284 0.828853
vt 0.855284 0.999500
vt 0.866780 0.988004
vt 0.891728 0.840349
vt 0.891728 0.988004
vt 0.903224 0.999500
vt 0.903224 0.828853
vt 0.740821 0.988277
vt 0.752044 0.999500
vt 0.752044 0.709280
vt 0.740821 0.720504
vt 0.716466 0.988277
vt 0.716466 0.720504
vt 0.705242 0.709280
vt 0.705242 0.999500
vt 0.690807 0.988277
vt 0.702031 0.999500
vt 0.702031 0.709280
vt 0.690807 0.720504
vt 0.666451 0.988277
vt 0.666452 0.720504
vt 0.655228 0.709280
vt 0.655228 0.999500
vt 0.941742 0.840349
vt 0.941742 0.988004
vt 0.953238 0.999500
vt 0.953238 0.828853
vt 0.916794 0.840349
vt 0.905298 0.828853
vt 0.905298 0.999500
vt 0.916794 0.988004
vt 0.841714 0.840349
vt 0.841714 0.988004
vt 0.853210 0.999500
vt 0.853210 0.828853
vt 0.816766 0.840349
vt 0.805270 0.828853
vt 0.805270 0.999500
vt 0.816766 0.988004
vt 0.129376 1.988804
vt 0.251202 1.988804
vt 0.251202 1.971868
vt 0.129376 1.971868
vt 0.740095 1.988804
vt 0.861922 1.988804
vt 0.861922 1.971868
vt 0.740095 1.971868
s 0
usemtl Material_29
f 1879/1085/251 1880/1086/251 1881/1087/251
f 1879/1085/251 1881/1087/251 1882/1088/251
f 1883/1089/252 1884/1090/252 1885/1091/252
f 1883/1089/252 1885/1091/252 1886/1092/252
f 1887/1093/253 1888/1094/253 1889/1095/253
f 1887/1093/253 1889/1095/253 1890/1096/253
f 1891/1097/254 1892/1098/254 1893/1099/254
f 1891/1097/254 1893/1099/254 1894/1100/254
f 1895/1101/255 1896/1102/255 1897/1103/255
f 1895/1101/255 1897/1103/255 1898/1104/255
f 1899/1105/256 1900/1106/256 1901/1107/256
f 1899/1105/256 1901/1107/256 1902/1108/256
f 1903/1109/253 1904/1110/253 1905/1111/253
f 1903/1109/253 1905/1111/253 1906/1112/253
f 1907/1113/254 1908/1114/254 1909/1115/254
f 1907/1113/254 1909/1115/254 1910/1116/254
f 1911/1117/255 1912/1118/255 1913/1119/255
f 1911/1117/255 1913/1119/255 1914/1120/255
f 1915/1121/256 1916/1122/256 1917/1123/256
f 1915/1121/256 1917/1123/256 1918/1124/256
f 1919/1094/257 1920/1125/257 1921/1126/257
f 1919/1094/257 1921/1126/257 1922/1095/257
f 1923/1098/258 1924/1127/258 1925/1128/258
f 1923/1098/258 1925/1128/258 1926/1099/258
f 1927/1102/259 1928/1129/259 1929/1130/259
f 1927/1102/259 1929/1130/259 1930/1103/259
f 1931/1106/260 1932/1131/260 1933/1132/260
f 1931/1106/260 1933/1132/260 1934/1107/260
f 1935/1111/261 1936/1126/261 1937/1125/261
f 1935/1111/261 1937/1125/261 1938/1112/261
f 1939/1115/262 1940/1128/262 1941/1127/262
f 1939/1115/262 1941/1127/262 1942/1116/262
f 1943/1119/263 1944/1130/263 1945/1129/263
f 1943/1119/263 1945/1129/263 1946/1120/263
f 1947/1123/264 1948/1132/264 1949/1131/264
f 1947/1123/264 1949/1131/264 1950/1124/264
f 1951/1133/254 1952/1134/254 1953/1135/254
f 1951/1133/254 1953/1135/254 1954/1136/254
f 1955/1137/256 1956/1138/256 1957/1139/256
f 1955/1137/256 1957/1139/256 1958/1140/256
f 1959/1133/255 1960/1136/255 1961/1138/255
f 1959/1133/255 1961/1138/255 1962/1137/255
f 1963/1136/251 1964/1135/251 1965/1139/251
f 1963/1136/251 1965/1139/251 1966/1138/251
f 1967/1134/252 1968/1133/252 1969/1137/252
f 1967/1134/252 1969/1137/252 1970/1140/252
f 1971/1141/254 1972/1142/254 1973/1143/254
f 1971/1141/254 1973/1143/254 1974/1144/254
f 1975/1145/256 1976/1146/256 1977/1147/256
f 1975/1145/256 1977/1147/256 1978/1148/256
f 1979/1141/255 1980/1144/255 1981/1146/255
f 1979/1141/255 1981/1146/255 1982/1145/255
f 1983/1144/251 1984/1143/251 1985/1147/251
f 1983/1144/251 1985/1147/251 1986/1146/251
f 1987/1142/252 1988/1141/252 1989/1145/252
f 1987/1142/252 1989/1145/252 1990/1148/252
f 1991/1149/254 1992/1150/254 1993/1151/254
f 1991/1149/254 1993/1151/254 1994/1152/254
f 1995/1153/256 1996/1154/256 1997/1155/256
f 1995/1153/256 1997/1155/256 1998/1156/256
f 1999/1149/252 2000/1152/252 2001/1154/252
f 1999/1149/252 2001/1154/252 2002/1153/252
f 2003/1152/255 2004/1151/255 2005/1155/255
f 2003/1152/255 2005/1155/255 2006/1154/255
f 2007/1150/253 2008/1149/253 2009/1153/253
f 2007/1150/253 2009/1153/253 2010/1156/253
f 2011/1157/254 2012/1158/254 2013/1159/254
f 2011/1157/254 2013/1159/254 2014/1160/254
f 2015/1161/256 2016/1162/256 2017/1163/256
f 2015/1161/256 2017/1163/256 2018/1164/256
f 2019/1157/252 2020/1160/252 2021/1162/252
f 2019/1157/252 2021/1162/252 2022/1161/252
f 2023/1160/255 2024/1159/255 2025/1163/255
f 2023/1160/255 2025/1163/255 2026/1162/255
f 2027/1158/253 2028/1157/253 2029/1161/253
f 2027/1158/253 2029/1161/253 2030/1164/253
f 2031/1165/254 2032/1166/254 2033/1167/254
f 2031/1165/254 2033/1167/254 2034/1168/254
f 2035/1169/256 2036/1170/256 2037/1171/256
f 2035/1169/256 2037/1171/256 2038/1172/256
f 2039/1165/253 2040/1169/253 2041/1172/253
f 2039/1165/253 2041/1172/253 2042/1166/253
f 2043/1166/251 2044/1172/251 2045/1171/251
f 2043/1166/251 2045/1171/251 2046/1167/251
f 2047/1168/252 2048/1170/252 2049/1169/252
f 2047/1168/252 2049/1169/252 2050/1165/252
f 2051/1173/254 2052/1174/254 2053/1175/254
f 2051/1173/254 2053/1175/254 2054/1176/254
f 2055/1177/256 2056/1178/256 2057/1179/256
f 2055/1177/256 2057/1179/256 2058/1180/256
f 2059/1173/253 2060/1177/253 2061/1180/253
f 2059/1173/253 2061/1180/253 2062/1174/253
f 2063/1174/251 2064/1180/251 2065/1179/251
f 2063/1174/251 2065/1179/251 2066/1175/251
f 2067/1176/252 2068/1178/252 2069/1177/252
f 2067/1176/252 2069/1177/252 2070/1173/252
f 2071/1181/252 2072/1182/252 2073/1183/252
f 2071/1181/252 2073/1183/252 2074/1184/252
f 2075/1185/252 2076/1186/252 2077/1187/252
f 2075/1185/252 2077/1187/252 2078/1188/252
o             _       .014
v -24.156193 13.309725 9.864515
v -24.156197 13.309723 -9.820532
v 23.088314 13.309723 -9.820539
v 23.088318 13.309725 9.864508
v -24.156193 25.811699 9.864513
v 23.088318 25.811699 9.864506
v 23.088314 25.811695 -9.820541
v -24.156197 25.811695 -9.820534
v 23.088318 13.309725 9.864508
v 23.088318 24.012442 9.864507
v -24.156193 24.012442 9.864513
v -24.156193 13.309725 9.864515
v 23.088314 13.309723 -9.820539
v 23.088314 24.012440 -9.820540
v 23.088318 24.012442 9.864507
v 23.088318 13.309725 9.864508
v -24.156197 13.309723 -9.820532
v -24.156197 24.012440 -9.820534
v 23.088314 24.012440 -9.820540
v 23.088314 13.309723 -9.820539
v -24.156193 13.309725 9.864515
v -24.156193 24.012442 9.864513
v -24.156197 24.012440 -9.820534
v -24.156197 13.309723 -9.820532
v 23.088318 25.811699 9.864506
v -24.156193 25.811699 9.864513
v -24.156193 24.273544 9.864513
v 23.088318 24.273544 9.864507
v 23.088314 25.811695 -9.820541
v 23.088318 25.811699 9.864506
v 23.088318 24.273544 9.864507
v 23.088314 24.273542 -9.820540
v -24.156197 25.811695 -9.820534
v 23.088314 25.811695 -9.820541
v 23.088314 24.273542 -9.820540
v -24.156197 24.273542 -9.820534
v -24.156193 25.811699 9.864513
v -24.156197 25.811695 -9.820534
v -24.156197 24.273542 -9.820534
v -24.156193 24.273544 9.864513
v 23.088318 24.012442 9.864507
v 21.156872 24.142994 7.933061
v -22.224747 24.142994 7.933067
v -24.156193 24.012442 9.864513
v 23.088314 24.012440 -9.820540
v 21.156868 24.142990 -7.889094
v 21.156872 24.142994 7.933061
v 23.088318 24.012442 9.864507
v -24.156197 24.012440 -9.820534
v -22.224751 24.142990 -7.889088
v 21.156868 24.142990 -7.889094
v 23.088314 24.012440 -9.820540
v -24.156193 24.012442 9.864513
v -22.224747 24.142994 7.933067
v -22.224751 24.142990 -7.889088
v -24.156197 24.012440 -9.820534
v -24.156193 24.273544 9.864513
v -22.224747 24.142994 7.933067
v 21.156872 24.142994 7.933061
v 23.088318 24.273544 9.864507
v 23.088318 24.273544 9.864507
v 21.156872 24.142994 7.933061
v 21.156868 24.142990 -7.889094
v 23.088314 24.273542 -9.820540
v 23.088314 24.273542 -9.820540
v 21.156868 24.142990 -7.889094
v -22.224751 24.142990 -7.889088
v -24.156197 24.273542 -9.820534
v -24.156197 24.273542 -9.820534
v -22.224751 24.142990 -7.889088
v -22.224747 24.142994 7.933067
v -24.156193 24.273544 9.864513
v -6.375830 23.892693 -10.779134
v -6.375830 23.892693 -8.956929
v -6.375829 13.341486 -8.956928
v -6.375829 13.341485 -10.779134
v -8.591211 23.892693 -10.779133
v -8.591211 13.341485 -10.779133
v -8.591211 13.341486 -8.956928
v -8.591211 23.892693 -8.956928
v -6.375830 23.892693 -10.779134
v -6.375829 13.341485 -10.779134
v -8.591211 13.341485 -10.779133
v -8.591211 23.892693 -10.779133
v -6.375829 13.341485 -10.779134
v -6.375829 13.341486 -8.956928
v -8.591211 13.341486 -8.956928
v -8.591211 13.341485 -10.779133
v -6.375830 23.892693 -8.956929
v -6.375830 23.892693 -10.779134
v -8.591211 23.892693 -10.779133
v -8.591211 23.892693 -8.956928
v 6.046539 23.892693 -10.779136
v 6.046540 23.892693 -8.956931
v 6.046540 13.341486 -8.956930
v 6.046540 13.341485 -10.779136
v 3.831158 23.892693 -10.779135
v 3.831158 13.341485 -10.779135
v 3.831158 13.341486 -8.956930
v 3.831158 23.892693 -8.956930
v 6.046539 23.892693 -10.779136
v 6.046540 13.341485 -10.779136
v 3.831158 13.341485 -10.779135
v 3.831158 23.892693 -10.779135
v 6.046540 13.341485 -10.779136
v 6.046540 13.341486 -8.956930
v 3.831158 13.341486 -8.956930
v 3.831158 13.341485 -10.779135
v 6.046540 23.892693 -8.956931
v 6.046539 23.892693 -10.779136
v 3.831158 23.892693 -10.779135
v 3.831158 23.892693 -8.956930
v 14.830263 26.432838 9.644112
v 14.830263 24.610634 9.644112
v 14.830259 24.610634 -9.508904
v 14.830259 26.432840 -9.508904
v 12.614882 26.432838 9.644112
v 12.614878 26.432840 -9.508904
v 12.614878 24.610634 -9.508904
v 12.614882 24.610634 9.644112
v 14.830263 26.432838 9.644112
v 14.830259 26.432840 -9.508904
v 12.614878 26.432840 -9.508904
v 12.614882 26.432838 9.644112
v 14.830259 26.432840 -9.508904
v 14.830259 24.610634 -9.508904
v 12.614878 24.610634 -9.508904
v 12.614878 26.432840 -9.508904
v 14.830263 24.610634 9.644112
v 14.830263 26.432838 9.644112
v 12.614882 26.432838 9.644112
v 12.614882 24.610634 9.644112
v -14.133608 26.432838 9.644115
v -14.133608 24.610634 9.644116
v -14.133612 24.610634 -9.508899
v -14.133612 26.432840 -9.508900
v -16.348989 26.432838 9.644116
v -16.348995 26.432840 -9.508899
v -16.348993 24.610634 -9.508899
v -16.348989 24.610634 9.644116
v -14.133608 26.432838 9.644115
v -14.133612 26.432840 -9.508900
v -16.348995 26.432840 -9.508899
v -16.348989 26.432838 9.644116
v -14.133612 26.432840 -9.508900
v -14.133612 24.610634 -9.508899
v -16.348993 24.610634 -9.508899
v -16.348995 26.432840 -9.508899
v -14.133608 24.610634 9.644116
v -14.133608 26.432838 9.644115
v -16.348989 26.432838 9.644116
v -16.348989 24.610634 9.644116
v 6.046542 23.892696 10.584692
v 6.046543 13.341488 10.584695
v 6.046543 13.341488 8.762490
v 6.046543 23.892696 8.762487
v 3.831161 23.892696 10.584694
v 3.831161 23.892696 8.762488
v 3.831161 13.341488 8.762490
v 3.831161 13.341488 10.584696
v 6.046542 23.892696 10.584692
v 3.831161 23.892696 10.584694
v 3.831161 13.341488 10.584696
v 6.046543 13.341488 10.584695
v 6.046543 13.341488 10.584695
v 3.831161 13.341488 10.584696
v 3.831161 13.341488 8.762490
v 6.046543 13.341488 8.762490
v 6.046543 23.892696 8.762487
v 3.831161 23.892696 8.762488
v 3.831161 23.892696 10.584694
v 6.046542 23.892696 10.584692
v -6.375827 23.892696 10.584694
v -6.375826 13.341488 10.584697
v -6.375826 13.341488 8.762492
v -6.375827 23.892696 8.762489
v -8.591208 23.892696 10.584696
v -8.591209 23.892696 8.762490
v -8.591209 13.341488 8.762492
v -8.591208 13.341488 10.584698
v -6.375827 23.892696 10.584694
v -8.591208 23.892696 10.584696
v -8.591208 13.341488 10.584698
v -6.375826 13.341488 10.584697
v -6.375826 13.341488 10.584697
v -8.591208 13.341488 10.584698
v -8.591209 13.341488 8.762492
v -6.375826 13.341488 8.762492
v -6.375827 23.892696 8.762489
v -8.591209 23.892696 8.762490
v -8.591208 23.892696 10.584696
v -6.375827 23.892696 10.584694
v -18.043898 24.855053 9.774991
v -12.288280 24.855053 9.774990
v -12.288280 24.855053 9.413172
v -18.043898 24.855053 9.413173
v 10.809250 24.855053 9.774987
v 16.564867 24.855053 9.774986
v 16.564867 24.855053 9.413168
v 10.809250 24.855053 9.413169
vn -0.0000 -1.0000 -0.0000
vn -0.0000 1.0000 -0.0000
vn -0.0000 -0.0000 1.0000
vn 1.0000 -0.0000 -0.0000
vn -0.0000 -0.0000 -1.0000
vn -1.0000 -0.0000 -0.0000
vn -0.0000 0.9977 0.0674
vn 0.0674 0.9977 -0.0000
vn -0.0000 0.9977 -0.0674
vn -0.0674 0.9977 -0.0000
vn -0.0000 -0.9977 0.0674
vn 0.0674 -0.9977 -0.0000
vn -0.0000 -0.9977 -0.0674
vn -0.0674 -0.9977 -0.0000
vt 0.000500 0.273303
vt 0.000500 0.544828
vt 0.652164 0.544828
vt 0.652164 0.273303
vt 0.000500 0.272024
vt 0.652164 0.272024
vt 0.652164 0.000500
vt 0.000500 0.000500
vt 0.652164 0.772164
vt 0.652164 0.624537
vt 0.000500 0.624537
vt 0.000500 0.772164
vt 0.926753 0.226557
vt 0.926753 0.078930
vt 0.655228 0.078930
vt 0.655228 0.226557
vt 0.652164 0.999500
vt 0.652164 0.851873
vt 0.000500 0.851873
vt 0.000500 0.999500
vt 0.926753 0.458440
vt 0.926753 0.310813
vt 0.655228 0.310813
vt 0.655228 0.458440
vt 0.652164 0.549919
vt 0.000500 0.549919
vt 0.000500 0.571135
vt 0.652164 0.571135
vt 0.926753 0.004310
vt 0.655228 0.004310
vt 0.655228 0.025526
vt 0.926753 0.025526
vt 0.652164 0.777255
vt 0.000500 0.777255
vt 0.000500 0.798471
vt 0.652164 0.798471
vt 0.926753 0.236193
vt 0.655228 0.236193
vt 0.655228 0.257409
vt 0.926753 0.257409
vt 0.625523 0.597836
vt 0.027141 0.597836
vt 0.900111 0.052228
vt 0.681870 0.052228
vt 0.625523 0.825172
vt 0.027141 0.825172
vt 0.900111 0.284111
vt 0.681870 0.284111
vt 0.766752 0.840349
vt 0.755256 0.828853
vt 0.755256 0.999500
vt 0.766752 0.988004
vt 0.791700 0.840349
vt 0.791700 0.988004
vt 0.803196 0.999500
vt 0.803196 0.828853
vt 0.866780 0.840349
vt 0.855284 0.828853
vt 0.855284 0.999500
vt 0.866780 0.988004
vt 0.891728 0.840349
vt 0.891728 0.988004
vt 0.903224 0.999500
vt 0.903224 0.828853
vt 0.740821 0.988277
vt 0.752044 0.999500
vt 0.752044 0.709280
vt 0.740821 0.720504
vt 0.716466 0.988277
vt 0.716466 0.720504
vt 0.705242 0.709280
vt 0.705242 0.999500
vt 0.690807 0.988277
vt 0.702031 0.999500
vt 0.702031 0.709280
vt 0.690807 0.720504
vt 0.666451 0.988277
vt 0.666452 0.720504
vt 0.655228 0.709280
vt 0.655228 0.999500
vt 0.941742 0.840349
vt 0.941742 0.988004
vt 0.953238 0.999500
vt 0.953238 0.828853
vt 0.916794 0.840349
vt 0.905298 0.828853
vt 0.905298 0.999500
vt 0.916794 0.988004
vt 0.841714 0.840349
vt 0.841714 0.988004
vt 0.853210 0.999500
vt 0.853210 0.828853
vt 0.816766 0.840349
vt 0.805270 0.828853
vt 0.805270 0.999500
vt 0.816766 0.988004
vt 0.129376 1.988804
vt 0.251202 1.988804
vt 0.251202 1.971868
vt 0.129376 1.971868
vt 0.740095 1.988804
vt 0.861922 1.988804
vt 0.861922 1.971868
vt 0.740095 1.971868
s 0
usemtl Material_29
f 2079/1189/265 2080/1190/265 2081/1191/265
f 2079/1189/265 2081/1191/265 2082/1192/265
f 2083/1193/266 2084/1194/266 2085/1195/266
f 2083/1193/266 2085/1195/266 2086/1196/266
f 2087/1197/267 2088/1198/267 2089/1199/267
f 2087/1197/267 2089/1199/267 2090/1200/267
f 2091/1201/268 2092/1202/268 2093/1203/268
f 2091/1201/268 2093/1203/268 2094/1204/268
f 2095/1205/269 2096/1206/269 2097/1207/269
f 2095/1205/269 2097/1207/269 2098/1208/269
f 2099/1209/270 2100/1210/270 2101/1211/270
f 2099/1209/270 2101/1211/270 2102/1212/270
f 2103/1213/267 2104/1214/267 2105/1215/267
f 2103/1213/267 2105/1215/267 2106/1216/267
f 2107/1217/268 2108/1218/268 2109/1219/268
f 2107/1217/268 2109/1219/268 2110/1220/268
f 2111/1221/269 2112/1222/269 2113/1223/269
f 2111/1221/269 2113/1223/269 2114/1224/269
f 2115/1225/270 2116/1226/270 2117/1227/270
f 2115/1225/270 2117/1227/270 2118/1228/270
f 2119/1198/271 2120/1229/271 2121/1230/271
f 2119/1198/271 2121/1230/271 2122/1199/271
f 2123/1202/272 2124/1231/272 2125/1232/272
f 2123/1202/272 2125/1232/272 2126/1203/272
f 2127/1206/273 2128/1233/273 2129/1234/273
f 2127/1206/273 2129/1234/273 2130/1207/273
f 2131/1210/274 2132/1235/274 2133/1236/274
f 2131/1210/274 2133/1236/274 2134/1211/274
f 2135/1215/275 2136/1230/275 2137/1229/275
f 2135/1215/275 2137/1229/275 2138/1216/275
f 2139/1219/276 2140/1232/276 2141/1231/276
f 2139/1219/276 2141/1231/276 2142/1220/276
f 2143/1223/277 2144/1234/277 2145/1233/277
f 2143/1223/277 2145/1233/277 2146/1224/277
f 2147/1227/278 2148/1236/278 2149/1235/278
f 2147/1227/278 2149/1235/278 2150/1228/278
f 2151/1237/268 2152/1238/268 2153/1239/268
f 2151/1237/268 2153/1239/268 2154/1240/268
f 2155/1241/270 2156/1242/270 2157/1243/270
f 2155/1241/270 2157/1243/270 2158/1244/270
f 2159/1237/269 2160/1240/269 2161/1242/269
f 2159/1237/269 2161/1242/269 2162/1241/269
f 2163/1240/265 2164/1239/265 2165/1243/265
f 2163/1240/265 2165/1243/265 2166/1242/265
f 2167/1238/266 2168/1237/266 2169/1241/266
f 2167/1238/266 2169/1241/266 2170/1244/266
f 2171/1245/268 2172/1246/268 2173/1247/268
f 2171/1245/268 2173/1247/268 2174/1248/268
f 2175/1249/270 2176/1250/270 2177/1251/270
f 2175/1249/270 2177/1251/270 2178/1252/270
f 2179/1245/269 2180/1248/269 2181/1250/269
f 2179/1245/269 2181/1250/269 2182/1249/269
f 2183/1248/265 2184/1247/265 2185/1251/265
f 2183/1248/265 2185/1251/265 2186/1250/265
f 2187/1246/266 2188/1245/266 2189/1249/266
f 2187/1246/266 2189/1249/266 2190/1252/266
f 2191/1253/268 2192/1254/268 2193/1255/268
f 2191/1253/268 2193/1255/268 2194/1256/268
f 2195/1257/270 2196/1258/270 2197/1259/270
f 2195/1257/270 2197/1259/270 2198/1260/270
f 2199/1253/266 2200/1256/266 2201/1258/266
f 2199/1253/266 2201/1258/266 2202/1257/266
f 2203/1256/269 2204/1255/269 2205/1259/269
f 2203/1256/269 2205/1259/269 2206/1258/269
f 2207/1254/267 2208/1253/267 2209/1257/267
f 2207/1254/267 2209/1257/267 2210/1260/267
f 2211/1261/268 2212/1262/268 2213/1263/268
f 2211/1261/268 2213/1263/268 2214/1264/268
f 2215/1265/270 2216/1266/270 2217/1267/270
f 2215/1265/270 2217/1267/270 2218/1268/270
f 2219/1261/266 2220/1264/266 2221/1266/266
f 2219/1261/266 2221/1266/266 2222/1265/266
f 2223/1264/269 2224/1263/269 2225/1267/269
f 2223/1264/269 2225/1267/269 2226/1266/269
f 2227/1262/267 2228/1261/267 2229/1265/267
f 2227/1262/267 2229/1265/267 2230/1268/267
f 2231/1269/268 2232/1270/268 2233/1271/268
f 2231/1269/268 2233/1271/268 2234/1272/268
f 2235/1273/270 2236/1274/270 2237/1275/270
f 2235/1273/270 2237/1275/270 2238/1276/270
f 2239/1269/267 2240/1273/267 2241/1276/267
f 2239/1269/267 2241/1276/267 2242/1270/267
f 2243/1270/265 2244/1276/265 2245/1275/265
f 2243/1270/265 2245/1275/265 2246/1271/265
f 2247/1272/266 2248/1274/266 2249/1273/266
f 2247/1272/266 2249/1273/266 2250/1269/266
f 2251/1277/268 2252/1278/268 2253/1279/268
f 2251/1277/268 2253/1279/268 2254/1280/268
f 2255/1281/270 2256/1282/270 2257/1283/270
f 2255/1281/270 2257/1283/270 2258/1284/270
f 2259/1277/267 2260/1281/267 2261/1284/267
f 2259/1277/267 2261/1284/267 2262/1278/267
f 2263/1278/265 2264/1284/265 2265/1283/265
f 2263/1278/265 2265/1283/265 2266/1279/265
f 2267/1280/266 2268/1282/266 2269/1281/266
f 2267/1280/266 2269/1281/266 2270/1277/266
f 2271/1285/266 2272/1286/266 2273/1287/266
f 2271/1285/266 2273/1287/266 2274/1288/266
f 2275/1289/266 2276/1290/266 2277/1291/266
f 2275/1289/266 2277/1291/266 2278/1292/266
o             _       .016
v -73.913902 13.309724 11.926414
v -75.629570 13.309724 -7.683724
v -28.564842 13.309724 -11.801360
v -26.849174 13.309724 7.808778
v -73.913902 25.811697 11.926413
v -26.849174 25.811697 7.808776
v -28.564842 25.811697 -11.801361
v -75.629570 25.811697 -7.683725
v -26.849174 13.309724 7.808778
v -26.849174 24.012440 7.808777
v -73.913902 24.012440 11.926413
v -73.913902 13.309724 11.926414
v -28.564842 13.309724 -11.801360
v -28.564842 24.012440 -11.801361
v -26.849174 24.012440 7.808777
v -26.849174 13.309724 7.808778
v -75.629570 13.309724 -7.683724
v -75.629570 24.012440 -7.683725
v -28.564842 24.012440 -11.801361
v -28.564842 13.309724 -11.801360
v -73.913902 13.309724 11.926414
v -73.913902 24.012440 11.926413
v -75.629570 24.012440 -7.683725
v -75.629570 13.309724 -7.683724
v -26.849174 25.811697 7.808776
v -73.913902 25.811697 11.926413
v -73.913902 24.273544 11.926413
v -26.849174 24.273544 7.808777
v -28.564842 25.811697 -11.801361
v -26.849174 25.811697 7.808776
v -26.849174 24.273544 7.808777
v -28.564842 24.273544 -11.801361
v -75.629570 25.811697 -7.683725
v -28.564842 25.811697 -11.801361
v -28.564842 24.273544 -11.801361
v -75.629570 24.273544 -7.683725
v -73.913902 25.811697 11.926413
v -75.629570 25.811697 -7.683725
v -75.629570 24.273544 -7.683725
v -73.913902 24.273544 11.926413
v -26.849174 24.012440 7.808777
v -28.941607 24.142992 6.053017
v -72.158142 24.142992 9.833980
v -73.913902 24.012440 11.926413
v -28.564842 24.012440 -11.801361
v -30.320601 24.142992 -9.708928
v -28.941607 24.142992 6.053017
v -26.849174 24.012440 7.808777
v -75.629570 24.012440 -7.683725
v -73.537140 24.142992 -5.927966
v -30.320601 24.142992 -9.708928
v -28.564842 24.012440 -11.801361
v -73.913902 24.012440 11.926413
v -72.158142 24.142992 9.833980
v -73.537140 24.142992 -5.927966
v -75.629570 24.012440 -7.683725
v -73.913902 24.273544 11.926413
v -72.158142 24.142992 9.833980
v -28.941607 24.142992 6.053017
v -26.849174 24.273544 7.808777
v -26.849174 24.273544 7.808777
v -28.941607 24.142992 6.053017
v -30.320601 24.142992 -9.708928
v -28.564842 24.273544 -11.801361
v -28.564842 24.273544 -11.801361
v -30.320601 24.142992 -9.708928
v -73.537140 24.142992 -5.927966
v -75.629570 24.273544 -7.683725
v -75.629570 24.273544 -7.683725
v -73.537140 24.142992 -5.927966
v -72.158142 24.142992 9.833980
v -73.913902 24.273544 11.926413
v -58.000412 23.892694 -10.188337
v -57.841599 23.892694 -8.373067
v -57.841595 13.341487 -8.373067
v -58.000412 13.341487 -10.188338
v -60.207363 23.892694 -9.995255
v -60.207363 13.341487 -9.995255
v -60.048546 13.341487 -8.179984
v -60.048546 23.892694 -8.179984
v -58.000412 23.892694 -10.188337
v -58.000412 13.341487 -10.188338
v -60.207363 13.341487 -9.995255
v -60.207363 23.892694 -9.995255
v -58.000412 13.341487 -10.188338
v -57.841595 13.341487 -8.373067
v -60.048546 13.341487 -8.179984
v -60.207363 13.341487 -9.995255
v -57.841599 23.892694 -8.373067
v -58.000412 23.892694 -10.188337
v -60.207363 23.892694 -9.995255
v -60.048546 23.892694 -8.179984
v -45.625317 23.892694 -11.271020
v -45.466499 23.892694 -9.455750
v -45.466499 13.341487 -9.455750
v -45.625313 13.341487 -11.271021
v -47.832268 23.892694 -11.077936
v -47.832268 13.341487 -11.077936
v -47.673450 13.341487 -9.262666
v -47.673450 23.892694 -9.262666
v -45.625317 23.892694 -11.271020
v -45.625313 13.341487 -11.271021
v -47.832268 13.341487 -11.077936
v -47.832268 23.892694 -11.077936
v -45.625313 13.341487 -11.271021
v -45.466499 13.341487 -9.455750
v -47.673450 13.341487 -9.262666
v -47.832268 13.341487 -11.077936
v -45.466499 23.892694 -9.455750
v -45.625317 23.892694 -11.271020
v -47.832268 23.892694 -11.077936
v -47.673450 23.892694 -9.262666
v -35.095013 26.432838 8.308956
v -35.095013 24.610634 8.308956
v -36.764313 24.610636 -10.771173
v -36.764313 26.432842 -10.771173
v -37.301964 26.432838 8.502040
v -38.971264 26.432842 -10.578090
v -38.971264 24.610636 -10.578090
v -37.301964 24.610634 8.502040
v -35.095013 26.432838 8.308956
v -36.764313 26.432842 -10.771173
v -38.971264 26.432842 -10.578090
v -37.301964 26.432838 8.502040
v -36.764313 26.432842 -10.771173
v -36.764313 24.610636 -10.771173
v -38.971264 24.610636 -10.578090
v -38.971264 26.432842 -10.578090
v -35.095013 24.610634 8.308956
v -35.095013 26.432838 8.308956
v -37.301964 26.432838 8.502040
v -37.301964 24.610634 8.502040
v -63.948666 26.432838 10.833328
v -63.948666 24.610634 10.833328
v -65.617966 24.610636 -8.246801
v -65.617966 26.432842 -8.246801
v -66.155617 26.432838 11.026411
v -67.824921 26.432842 -8.053719
v -67.824913 24.610636 -8.053719
v -66.155617 24.610634 11.026411
v -63.948666 26.432838 10.833328
v -65.617966 26.432842 -8.246801
v -67.824921 26.432842 -8.053719
v -66.155617 26.432838 11.026411
v -65.617966 26.432842 -8.246801
v -65.617966 24.610636 -8.246801
v -67.824913 24.610636 -8.053719
v -67.824921 26.432842 -8.053719
v -63.948666 24.610634 10.833328
v -63.948666 26.432838 10.833328
v -66.155617 26.432838 11.026411
v -66.155617 24.610634 11.026411
v -43.763332 23.892694 10.011510
v -43.763332 13.341487 10.011512
v -43.922146 13.341487 8.196241
v -43.922150 23.892694 8.196239
v -45.970284 23.892694 10.204595
v -46.129097 23.892694 8.389323
v -46.129097 13.341487 8.389325
v -45.970284 13.341487 10.204597
v -43.763332 23.892694 10.011510
v -45.970284 23.892694 10.204595
v -45.970284 13.341487 10.204597
v -43.763332 13.341487 10.011512
v -43.763332 13.341487 10.011512
v -45.970284 13.341487 10.204597
v -46.129097 13.341487 8.389325
v -43.922146 13.341487 8.196241
v -43.922150 23.892694 8.196239
v -46.129097 23.892694 8.389323
v -45.970284 23.892694 10.204595
v -43.763332 23.892694 10.011510
v -56.138428 23.892694 11.094193
v -56.138428 13.341487 11.094194
v -56.297245 13.341487 9.278924
v -56.297245 23.892694 9.278922
v -58.345383 23.892694 11.287276
v -58.504196 23.892694 9.472005
v -58.504196 13.341487 9.472007
v -58.345379 13.341487 11.287278
v -56.138428 23.892694 11.094193
v -58.345383 23.892694 11.287276
v -58.345379 13.341487 11.287278
v -56.138428 13.341487 11.094194
v -56.138428 13.341487 11.094194
v -58.345379 13.341487 11.287278
v -58.504196 13.341487 9.472007
v -56.297245 13.341487 9.278924
v -56.297245 23.892694 9.278922
v -58.504196 23.892694 9.472005
v -58.345383 23.892694 11.287276
v -56.138428 23.892694 11.094193
v -67.832672 24.855051 11.304509
v -62.098953 24.855051 10.802874
v -62.130489 24.855051 10.442431
v -67.864204 24.855051 10.944067
v -39.089317 24.855051 8.789788
v -33.355606 24.855051 8.288153
v -33.387138 24.855051 7.927711
v -39.120853 24.855051 8.429346
vn -0.0000 -1.0000 -0.0000
vn -0.0000 1.0000 -0.0000
vn 0.0872 -0.0000 0.9962
vn 0.9962 -0.0000 -0.0872
vn -0.0872 -0.0000 -0.9962
vn -0.9962 -0.0000 0.0872
vn 0.0059 0.9977 0.0672
vn 0.0672 0.9977 -0.0059
vn -0.0059 0.9977 -0.0672
vn -0.0672 0.9977 0.0059
vn 0.0059 -0.9977 0.0672
vn 0.0672 -0.9977 -0.0059
vn -0.0059 -0.9977 -0.0672
vn -0.0672 -0.9977 0.0059
vt 0.000500 0.273303
vt 0.000500 0.544828
vt 0.652164 0.544828
vt 0.652164 0.273303
vt 0.000500 0.272024
vt 0.652164 0.272024
vt 0.652164 0.000500
vt 0.000500 0.000500
vt 0.652164 0.772164
vt 0.652164 0.624537
vt 0.000500 0.624537
vt 0.000500 0.772164
vt 0.926753 0.226557
vt 0.926753 0.078930
vt 0.655228 0.078930
vt 0.655228 0.226557
vt 0.652164 0.999500
vt 0.652164 0.851873
vt 0.000500 0.851873
vt 0.000500 0.999500
vt 0.926753 0.458440
vt 0.926753 0.310813
vt 0.655228 0.310813
vt 0.655228 0.458440
vt 0.652164 0.549919
vt 0.000500 0.549919
vt 0.000500 0.571135
vt 0.652164 0.571135
vt 0.926753 0.004310
vt 0.655228 0.004310
vt 0.655228 0.025526
vt 0.926753 0.025526
vt 0.652164 0.777255
vt 0.000500 0.777255
vt 0.000500 0.798471
vt 0.652164 0.798471
vt 0.926753 0.236193
vt 0.655228 0.236193
vt 0.655228 0.257409
vt 0.926753 0.257409
vt 0.625523 0.597836
vt 0.027141 0.597836
vt 0.900111 0.052228
vt 0.681870 0.052228
vt 0.625523 0.825172
vt 0.027141 0.825172
vt 0.900111 0.284111
vt 0.681870 0.284111
vt 0.766752 0.840349
vt 0.755256 0.828853
vt 0.755256 0.999500
vt 0.766752 0.988004
vt 0.791700 0.840349
vt 0.791700 0.988004
vt 0.803196 0.999500
vt 0.803196 0.828853
vt 0.866780 0.840349
vt 0.855284 0.828853
vt 0.855284 0.999500
vt 0.866780 0.988004
vt 0.891728 0.840349
vt 0.891728 0.988004
vt 0.903224 0.999500
vt 0.903224 0.828853
vt 0.740821 0.988277
vt 0.752044 0.999500
vt 0.752044 0.709280
vt 0.740821 0.720504
vt 0.716466 0.988277
vt 0.716466 0.720504
vt 0.705242 0.709280
vt 0.705242 0.999500
vt 0.690807 0.988277
vt 0.702031 0.999500
vt 0.702031 0.709280
vt 0.690807 0.720504
vt 0.666451 0.988277
vt 0.666452 0.720504
vt 0.655228 0.709280
vt 0.655228 0.999500
vt 0.941742 0.840349
vt 0.941742 0.988004
vt 0.953238 0.999500
vt 0.953238 0.828853
vt 0.916794 0.840349
vt 0.905298 0.828853
vt 0.905298 0.999500
vt 0.916794 0.988004
vt 0.841714 0.840349
vt 0.841714 0.988004
vt 0.853210 0.999500
vt 0.853210 0.828853
vt 0.816766 0.840349
vt 0.805270 0.828853
vt 0.805270 0.999500
vt 0.816766 0.988004
vt 0.129376 1.988804
vt 0.251202 1.988804
vt 0.251202 1.971868
vt 0.129376 1.971868
vt 0.740095 1.988804
vt 0.861922 1.988804
vt 0.861922 1.971868
vt 0.740095 1.971868
s 0
usemtl Material_29
f 2279/1293/279 2280/1294/279 2281/1295/279
f 2279/1293/279 2281/1295/279 2282/1296/279
f 2283/1297/280 2284/1298/280 2285/1299/280
f 2283/1297/280 2285/1299/280 2286/1300/280
f 2287/1301/281 2288/1302/281 2289/1303/281
f 2287/1301/281 2289/1303/281 2290/1304/281
f 2291/1305/282 2292/1306/282 2293/1307/282
f 2291/1305/282 2293/1307/282 2294/1308/282
f 2295/1309/283 2296/1310/283 2297/1311/283
f 2295/1309/283 2297/1311/283 2298/1312/283
f 2299/1313/284 2300/1314/284 2301/1315/284
f 2299/1313/284 2301/1315/284 2302/1316/284
f 2303/1317/281 2304/1318/281 2305/1319/281
f 2303/1317/281 2305/1319/281 2306/1320/281
f 2307/1321/282 2308/1322/282 2309/1323/282
f 2307/1321/282 2309/1323/282 2310/1324/282
f 2311/1325/283 2312/1326/283 2313/1327/283
f 2311/1325/283 2313/1327/283 2314/1328/283
f 2315/1329/284 2316/1330/284 2317/1331/284
f 2315/1329/284 2317/1331/284 2318/1332/284
f 2319/1302/285 2320/1333/285 2321/1334/285
f 2319/1302/285 2321/1334/285 2322/1303/285
f 2323/1306/286 2324/1335/286 2325/1336/286
f 2323/1306/286 2325/1336/286 2326/1307/286
f 2327/1310/287 2328/1337/287 2329/1338/287
f 2327/1310/287 2329/1338/287 2330/1311/287
f 2331/1314/288 2332/1339/288 2333/1340/288
f 2331/1314/288 2333/1340/288 2334/1315/288
f 2335/1319/289 2336/1334/289 2337/1333/289
f 2335/1319/289 2337/1333/289 2338/1320/289
f 2339/1323/290 2340/1336/290 2341/1335/290
f 2339/1323/290 2341/1335/290 2342/1324/290
f 2343/1327/291 2344/1338/291 2345/1337/291
f 2343/1327/291 2345/1337/291 2346/1328/291
f 2347/1331/292 2348/1340/292 2349/1339/292
f 2347/1331/292 2349/1339/292 2350/1332/292
f 2351/1341/282 2352/1342/282 2353/1343/282
f 2351/1341/282 2353/1343/282 2354/1344/282
f 2355/1345/284 2356/1346/284 2357/1347/284
f 2355/1345/284 2357/1347/284 2358/1348/284
f 2359/1341/283 2360/1344/283 2361/1346/283
f 2359/1341/283 2361/1346/283 2362/1345/283
f 2363/1344/279 2364/1343/279 2365/1347/279
f 2363/1344/279 2365/1347/279 2366/1346/279
f 2367/1342/280 2368/1341/280 2369/1345/280
f 2367/1342/280 2369/1345/280 2370/1348/280
f 2371/1349/282 2372/1350/282 2373/1351/282
f 2371/1349/282 2373/1351/282 2374/1352/282
f 2375/1353/284 2376/1354/284 2377/1355/284
f 2375/1353/284 2377/1355/284 2378/1356/284
f 2379/1349/283 2380/1352/283 2381/1354/283
f 2379/1349/283 2381/1354/283 2382/1353/283
f 2383/1352/279 2384/1351/279 2385/1355/279
f 2383/1352/279 2385/1355/279 2386/1354/279
f 2387/1350/280 2388/1349/280 2389/1353/280
f 2387/1350/280 2389/1353/280 2390/1356/280
f 2391/1357/282 2392/1358/282 2393/1359/282
f 2391/1357/282 2393/1359/282 2394/1360/282
f 2395/1361/284 2396/1362/284 2397/1363/284
f 2395/1361/284 2397/1363/284 2398/1364/284
f 2399/1357/280 2400/1360/280 2401/1362/280
f 2399/1357/280 2401/1362/280 2402/1361/280
f 2403/1360/283 2404/1359/283 2405/1363/283
f 2403/1360/283 2405/1363/283 2406/1362/283
f 2407/1358/281 2408/1357/281 2409/1361/281
f 2407/1358/281 2409/1361/281 2410/1364/281
f 2411/1365/282 2412/1366/282 2413/1367/282
f 2411/1365/282 2413/1367/282 2414/1368/282
f 2415/1369/284 2416/1370/284 2417/1371/284
f 2415/1369/284 2417/1371/284 2418/1372/284
f 2419/1365/280 2420/1368/280 2421/1370/280
f 2419/1365/280 2421/1370/280 2422/1369/280
f 2423/1368/283 2424/1367/283 2425/1371/283
f 2423/1368/283 2425/1371/283 2426/1370/283
f 2427/1366/281 2428/1365/281 2429/1369/281
f 2427/1366/281 2429/1369/281 2430/1372/281
f 2431/1373/282 2432/1374/282 2433/1375/282
f 2431/1373/282 2433/1375/282 2434/1376/282
f 2435/1377/284 2436/1378/284 2437/1379/284
f 2435/1377/284 2437/1379/284 2438/1380/284
f 2439/1373/281 2440/1377/281 2441/1380/281
f 2439/1373/281 2441/1380/281 2442/1374/281
f 2443/1374/279 2444/1380/279 2445/1379/279
f 2443/1374/279 2445/1379/279 2446/1375/279
f 2447/1376/280 2448/1378/280 2449/1377/280
f 2447/1376/280 2449/1377/280 2450/1373/280
f 2451/1381/282 2452/1382/282 2453/1383/282
f 2451/1381/282 2453/1383/282 2454/1384/282
f 2455/1385/284 2456/1386/284 2457/1387/284
f 2455/1385/284 2457/1387/284 2458/1388/284
f 2459/1381/281 2460/1385/281 2461/1388/281
f 2459/1381/281 2461/1388/281 2462/1382/281
f 2463/1382/279 2464/1388/279 2465/1387/279
f 2463/1382/279 2465/1387/279 2466/1383/279
f 2467/1384/280 2468/1386/280 2469/1385/280
f 2467/1384/280 2469/1385/280 2470/1381/280
f 2471/1389/280 2472/1390/280 2473/1391/280
f 2471/1389/280 2473/1391/280 2474/1392/280
f 2475/1393/280 2476/1394/280 2477/1395/280
f 2475/1393/280 2477/1395/280 2478/1396/280
o             _       .018
v -72.036079 13.309724 33.389996
v -73.751747 13.309724 13.779859
v -26.687019 13.309724 9.662223
v -24.971352 13.309724 29.272362
v -72.036079 25.811697 33.389996
v -24.971352 25.811697 29.272360
v -26.687019 25.811697 9.662222
v -73.751747 25.811697 13.779858
v -24.971352 13.309724 29.272362
v -24.971352 24.012440 29.272360
v -72.036079 24.012440 33.389996
v -72.036079 13.309724 33.389996
v -26.687019 13.309724 9.662223
v -26.687019 24.012440 9.662222
v -24.971352 24.012440 29.272360
v -24.971352 13.309724 29.272362
v -73.751747 13.309724 13.779859
v -73.751747 24.012440 13.779858
v -26.687019 24.012440 9.662222
v -26.687019 13.309724 9.662223
v -72.036079 13.309724 33.389996
v -72.036079 24.012440 33.389996
v -73.751747 24.012440 13.779858
v -73.751747 13.309724 13.779859
v -24.971352 25.811697 29.272360
v -72.036079 25.811697 33.389996
v -72.036079 24.273544 33.389996
v -24.971352 24.273544 29.272360
v -26.687019 25.811697 9.662222
v -24.971352 25.811697 29.272360
v -24.971352 24.273544 29.272360
v -26.687019 24.273544 9.662222
v -73.751747 25.811697 13.779858
v -26.687019 25.811697 9.662222
v -26.687019 24.273544 9.662222
v -73.751747 24.273544 13.779858
v -72.036079 25.811697 33.389996
v -73.751747 25.811697 13.779858
v -73.751747 24.273544 13.779858
v -72.036079 24.273544 33.389996
v -24.971352 24.012440 29.272360
v -27.063784 24.142992 27.516600
v -70.280319 24.142992 31.297562
v -72.036079 24.012440 33.389996
v -26.687019 24.012440 9.662222
v -28.442778 24.142992 11.754655
v -27.063784 24.142992 27.516600
v -24.971352 24.012440 29.272360
v -73.751747 24.012440 13.779858
v -71.659317 24.142992 15.535618
v -28.442778 24.142992 11.754655
v -26.687019 24.012440 9.662222
v -72.036079 24.012440 33.389996
v -70.280319 24.142992 31.297562
v -71.659317 24.142992 15.535618
v -73.751747 24.012440 13.779858
v -72.036079 24.273544 33.389996
v -70.280319 24.142992 31.297562
v -27.063784 24.142992 27.516600
v -24.971352 24.273544 29.272360
v -24.971352 24.273544 29.272360
v -27.063784 24.142992 27.516600
v -28.442778 24.142992 11.754655
v -26.687019 24.273544 9.662222
v -26.687019 24.273544 9.662222
v -28.442778 24.142992 11.754655
v -71.659317 24.142992 15.535618
v -73.751747 24.273544 13.779858
v -73.751747 24.273544 13.779858
v -71.659317 24.142992 15.535618
v -70.280319 24.142992 31.297562
v -72.036079 24.273544 33.389996
v -56.122589 23.892694 11.275246
v -55.963776 23.892694 13.090516
v -55.963772 13.341487 13.090516
v -56.122589 13.341487 11.275245
v -58.329540 23.892694 11.468328
v -58.329540 13.341487 11.468328
v -58.170723 13.341487 13.283599
v -58.170723 23.892694 13.283599
v -56.122589 23.892694 11.275246
v -56.122589 13.341487 11.275245
v -58.329540 13.341487 11.468328
v -58.329540 23.892694 11.468328
v -56.122589 13.341487 11.275245
v -55.963772 13.341487 13.090516
v -58.170723 13.341487 13.283599
v -58.329540 13.341487 11.468328
v -55.963776 23.892694 13.090516
v -56.122589 23.892694 11.275246
v -58.329540 23.892694 11.468328
v -58.170723 23.892694 13.283599
v -43.747494 23.892694 10.192563
v -43.588676 23.892694 12.007833
v -43.588676 13.341487 12.007833
v -43.747490 13.341487 10.192562
v -45.954445 23.892694 10.385647
v -45.954445 13.341487 10.385647
v -45.795628 13.341487 12.200917
v -45.795628 23.892694 12.200917
v -43.747494 23.892694 10.192563
v -43.747490 13.341487 10.192562
v -45.954445 13.341487 10.385647
v -45.954445 23.892694 10.385647
v -43.747490 13.341487 10.192562
v -43.588676 13.341487 12.007833
v -45.795628 13.341487 12.200917
v -45.954445 13.341487 10.385647
v -43.588676 23.892694 12.007833
v -43.747494 23.892694 10.192563
v -45.954445 23.892694 10.385647
v -45.795628 23.892694 12.200917
v -33.217190 26.432838 29.772539
v -33.217190 24.610634 29.772539
v -34.886490 24.610636 10.692410
v -34.886490 26.432842 10.692410
v -35.424141 26.432838 29.965622
v -37.093441 26.432842 10.885493
v -37.093441 24.610636 10.885493
v -35.424141 24.610634 29.965622
v -33.217190 26.432838 29.772539
v -34.886490 26.432842 10.692410
v -37.093441 26.432842 10.885493
v -35.424141 26.432838 29.965622
v -34.886490 26.432842 10.692410
v -34.886490 24.610636 10.692410
v -37.093441 24.610636 10.885493
v -37.093441 26.432842 10.885493
v -33.217190 24.610634 29.772539
v -33.217190 26.432838 29.772539
v -35.424141 26.432838 29.965622
v -35.424141 24.610634 29.965622
v -62.070843 26.432838 32.296913
v -62.070843 24.610634 32.296913
v -63.740143 24.610636 13.216782
v -63.740143 26.432842 13.216782
v -64.277794 26.432838 32.489994
v -65.947098 26.432842 13.409864
v -65.947090 24.610636 13.409864
v -64.277794 24.610634 32.489994
v -62.070843 26.432838 32.296913
v -63.740143 26.432842 13.216782
v -65.947098 26.432842 13.409864
v -64.277794 26.432838 32.489994
v -63.740143 26.432842 13.216782
v -63.740143 24.610636 13.216782
v -65.947090 24.610636 13.409864
v -65.947098 26.432842 13.409864
v -62.070843 24.610634 32.296913
v -62.070843 26.432838 32.296913
v -64.277794 26.432838 32.489994
v -64.277794 24.610634 32.489994
v -41.885509 23.892694 31.475094
v -41.885509 13.341487 31.475094
v -42.044323 13.341487 29.659824
v -42.044327 23.892694 29.659822
v -44.092461 23.892694 31.668179
v -44.251274 23.892694 29.852905
v -44.251274 13.341487 29.852909
v -44.092461 13.341487 31.668179
v -41.885509 23.892694 31.475094
v -44.092461 23.892694 31.668179
v -44.092461 13.341487 31.668179
v -41.885509 13.341487 31.475094
v -41.885509 13.341487 31.475094
v -44.092461 13.341487 31.668179
v -44.251274 13.341487 29.852909
v -42.044323 13.341487 29.659824
v -42.044327 23.892694 29.659822
v -44.251274 23.892694 29.852905
v -44.092461 23.892694 31.668179
v -41.885509 23.892694 31.475094
v -54.260605 23.892694 32.557777
v -54.260605 13.341487 32.557777
v -54.419422 13.341487 30.742508
v -54.419422 23.892694 30.742504
v -56.467560 23.892694 32.750858
v -56.626373 23.892694 30.935589
v -56.626373 13.341487 30.935589
v -56.467556 13.341487 32.750862
v -54.260605 23.892694 32.557777
v -56.467560 23.892694 32.750858
v -56.467556 13.341487 32.750862
v -54.260605 13.341487 32.557777
v -54.260605 13.341487 32.557777
v -56.467556 13.341487 32.750862
v -56.626373 13.341487 30.935589
v -54.419422 13.341487 30.742508
v -54.419422 23.892694 30.742504
v -56.626373 23.892694 30.935589
v -56.467560 23.892694 32.750858
v -54.260605 23.892694 32.557777
v -65.954849 24.855051 32.768093
v -60.221130 24.855051 32.266457
v -60.252666 24.855051 31.906013
v -65.986382 24.855051 32.407650
v -37.211494 24.855051 30.253372
v -31.477781 24.855051 29.751736
v -31.509315 24.855051 29.391293
v -37.243031 24.855051 29.892929
vn -0.0000 -1.0000 -0.0000
vn -0.0000 1.0000 -0.0000
vn 0.0872 -0.0000 0.9962
vn 0.9962 -0.0000 -0.0872
vn -0.0872 -0.0000 -0.9962
vn -0.9962 -0.0000 0.0872
vn 0.0059 0.9977 0.0672
vn 0.0672 0.9977 -0.0059
vn -0.0059 0.9977 -0.0672
vn -0.0672 0.9977 0.0059
vn 0.0059 -0.9977 0.0672
vn 0.0672 -0.9977 -0.0059
vn -0.0059 -0.9977 -0.0672
vn -0.0672 -0.9977 0.0059
vt 0.000500 0.273303
vt 0.000500 0.544828
vt 0.652164 0.544828
vt 0.652164 0.273303
vt 0.000500 0.272024
vt 0.652164 0.272024
vt 0.652164 0.000500
vt 0.000500 0.000500
vt 0.652164 0.772164
vt 0.652164 0.624537
vt 0.000500 0.624537
vt 0.000500 0.772164
vt 0.926753 0.226557
vt 0.926753 0.078930
vt 0.655228 0.078930
vt 0.655228 0.226557
vt 0.652164 0.999500
vt 0.652164 0.851873
vt 0.000500 0.851873
vt 0.000500 0.999500
vt 0.926753 0.458440
vt 0.926753 0.310813
vt 0.655228 0.310813
vt 0.655228 0.458440
vt 0.652164 0.549919
vt 0.000500 0.549919
vt 0.000500 0.571135
vt 0.652164 0.571135
vt 0.926753 0.004310
vt 0.655228 0.004310
vt 0.655228 0.025526
vt 0.926753 0.025526
vt 0.652164 0.777255
vt 0.000500 0.777255
vt 0.000500 0.798471
vt 0.652164 0.798471
vt 0.926753 0.236193
vt 0.655228 0.236193
vt 0.655228 0.257409
vt 0.926753 0.257409
vt 0.625523 0.597836
vt 0.027141 0.597836
vt 0.900111 0.052228
vt 0.681870 0.052228
vt 0.625523 0.825172
vt 0.027141 0.825172
vt 0.900111 0.284111
vt 0.681870 0.284111
vt 0.766752 0.840349
vt 0.755256 0.828853
vt 0.755256 0.999500
vt 0.766752 0.988004
vt 0.791700 0.840349
vt 0.791700 0.988004
vt 0.803196 0.999500
vt 0.803196 0.828853
vt 0.866780 0.840349
vt 0.855284 0.828853
vt 0.855284 0.999500
vt 0.866780 0.988004
vt 0.891728 0.840349
vt 0.891728 0.988004
vt 0.903224 0.999500
vt 0.903224 0.828853
vt 0.740821 0.988277
vt 0.752044 0.999500
vt 0.752044 0.709280
vt 0.740821 0.720504
vt 0.716466 0.988277
vt 0.716466 0.720504
vt 0.705242 0.709280
vt 0.705242 0.999500
vt 0.690807 0.988277
vt 0.702031 0.999500
vt 0.702031 0.709280
vt 0.690807 0.720504
vt 0.666451 0.988277
vt 0.666452 0.720504
vt 0.655228 0.709280
vt 0.655228 0.999500
vt 0.941742 0.840349
vt 0.941742 0.988004
vt 0.953238 0.999500
vt 0.953238 0.828853
vt 0.916794 0.840349
vt 0.905298 0.828853
vt 0.905298 0.999500
vt 0.916794 0.988004
vt 0.841714 0.840349
vt 0.841714 0.988004
vt 0.853210 0.999500
vt 0.853210 0.828853
vt 0.816766 0.840349
vt 0.805270 0.828853
vt 0.805270 0.999500
vt 0.816766 0.988004
vt 0.129376 1.988804
vt 0.251202 1.988804
vt 0.251202 1.971868
vt 0.129376 1.971868
vt 0.740095 1.988804
vt 0.861922 1.988804
vt 0.861922 1.971868
vt 0.740095 1.971868
s 0
usemtl Material_29
f 2479/1397/293 2480/1398/293 2481/1399/293
f 2479/1397/293 2481/1399/293 2482/1400/293
f 2483/1401/294 2484/1402/294 2485/1403/294
f 2483/1401/294 2485/1403/294 2486/1404/294
f 2487/1405/295 2488/1406/295 2489/1407/295
f 2487/1405/295 2489/1407/295 2490/1408/295
f 2491/1409/296 2492/1410/296 2493/1411/296
f 2491/1409/296 2493/1411/296 2494/1412/296
f 2495/1413/297 2496/1414/297 2497/1415/297
f 2495/1413/297 2497/1415/297 2498/1416/297
f 2499/1417/298 2500/1418/298 2501/1419/298
f 2499/1417/298 2501/1419/298 2502/1420/298
f 2503/1421/295 2504/1422/295 2505/1423/295
f 2503/1421/295 2505/1423/295 2506/1424/295
f 2507/1425/296 2508/1426/296 2509/1427/296
f 2507/1425/296 2509/1427/296 2510/1428/296
f 2511/1429/297 2512/1430/297 2513/1431/297
f 2511/1429/297 2513/1431/297 2514/1432/297
f 2515/1433/298 2516/1434/298 2517/1435/298
f 2515/1433/298 2517/1435/298 2518/1436/298
f 2519/1406/299 2520/1437/299 2521/1438/299
f 2519/1406/299 2521/1438/299 2522/1407/299
f 2523/1410/300 2524/1439/300 2525/1440/300
f 2523/1410/300 2525/1440/300 2526/1411/300
f 2527/1414/301 2528/1441/301 2529/1442/301
f 2527/1414/301 2529/1442/301 2530/1415/301
f 2531/1418/302 2532/1443/302 2533/1444/302
f 2531/1418/302 2533/1444/302 2534/1419/302
f 2535/1423/303 2536/1438/303 2537/1437/303
f 2535/1423/303 2537/1437/303 2538/1424/303
f 2539/1427/304 2540/1440/304 2541/1439/304
f 2539/1427/304 2541/1439/304 2542/1428/304
f 2543/1431/305 2544/1442/305 2545/1441/305
f 2543/1431/305 2545/1441/305 2546/1432/305
f 2547/1435/306 2548/1444/306 2549/1443/306
f 2547/1435/306 2549/1443/306 2550/1436/306
f 2551/1445/296 2552/1446/296 2553/1447/296
f 2551/1445/296 2553/1447/296 2554/1448/296
f 2555/1449/298 2556/1450/298 2557/1451/298
f 2555/1449/298 2557/1451/298 2558/1452/298
f 2559/1445/297 2560/1448/297 2561/1450/297
f 2559/1445/297 2561/1450/297 2562/1449/297
f 2563/1448/293 2564/1447/293 2565/1451/293
f 2563/1448/293 2565/1451/293 2566/1450/293
f 2567/1446/294 2568/1445/294 2569/1449/294
f 2567/1446/294 2569/1449/294 2570/1452/294
f 2571/1453/296 2572/1454/296 2573/1455/296
f 2571/1453/296 2573/1455/296 2574/1456/296
f 2575/1457/298 2576/1458/298 2577/1459/298
f 2575/1457/298 2577/1459/298 2578/1460/298
f 2579/1453/297 2580/1456/297 2581/1458/297
f 2579/1453/297 2581/1458/297 2582/1457/297
f 2583/1456/293 2584/1455/293 2585/1459/293
f 2583/1456/293 2585/1459/293 2586/1458/293
f 2587/1454/294 2588/1453/294 2589/1457/294
f 2587/1454/294 2589/1457/294 2590/1460/294
f 2591/1461/296 2592/1462/296 2593/1463/296
f 2591/1461/296 2593/1463/296 2594/1464/296
f 2595/1465/298 2596/1466/298 2597/1467/298
f 2595/1465/298 2597/1467/298 2598/1468/298
f 2599/1461/294 2600/1464/294 2601/1466/294
f 2599/1461/294 2601/1466/294 2602/1465/294
f 2603/1464/297 2604/1463/297 2605/1467/297
f 2603/1464/297 2605/1467/297 2606/1466/297
f 2607/1462/295 2608/1461/295 2609/1465/295
f 2607/1462/295 2609/1465/295 2610/1468/295
f 2611/1469/296 2612/1470/296 2613/1471/296
f 2611/1469/296 2613/1471/296 2614/1472/296
f 2615/1473/298 2616/1474/298 2617/1475/298
f 2615/1473/298 2617/1475/298 2618/1476/298
f 2619/1469/294 2620/1472/294 2621/1474/294
f 2619/1469/294 2621/1474/294 2622/1473/294
f 2623/1472/297 2624/1471/297 2625/1475/297
f 2623/1472/297 2625/1475/297 2626/1474/297
f 2627/1470/295 2628/1469/295 2629/1473/295
f 2627/1470/295 2629/1473/295 2630/1476/295
f 2631/1477/296 2632/1478/296 2633/1479/296
f 2631/1477/296 2633/1479/296 2634/1480/296
f 2635/1481/298 2636/1482/298 2637/1483/298
f 2635/1481/298 2637/1483/298 2638/1484/298
f 2639/1477/295 2640/1481/295 2641/1484/295
f 2639/1477/295 2641/1484/295 2642/1478/295
f 2643/1478/293 2644/1484/293 2645/1483/293
f 2643/1478/293 2645/1483/293 2646/1479/293
f 2647/1480/294 2648/1482/294 2649/1481/294
f 2647/1480/294 2649/1481/294 2650/1477/294
f 2651/1485/296 2652/1486/296 2653/1487/296
f 2651/1485/296 2653/1487/296 2654/1488/296
f 2655/1489/298 2656/1490/298 2657/1491/298
f 2655/1489/298 2657/1491/298 2658/1492/298
f 2659/1485/295 2660/1489/295 2661/1492/295
f 2659/1485/295 2661/1492/295 2662/1486/295
f 2663/1486/293 2664/1492/293 2665/1491/293
f 2663/1486/293 2665/1491/293 2666/1487/293
f 2667/1488/294 2668/1490/294 2669/1489/294
f 2667/1488/294 2669/1489/294 2670/1485/294
f 2671/1493/294 2672/1494/294 2673/1495/294
f 2671/1493/294 2673/1495/294 2674/1496/294
f 2675/1497/294 2676/1498/294 2677/1499/294
f 2675/1497/294 2677/1499/294 2678/1500/294
o             _       .020
v -22.226059 26.983753 34.148350
v -23.941727 26.983753 14.538211
v 23.123001 26.983753 10.420575
v 24.838669 26.983753 30.030712
v -22.226059 39.485725 34.148346
v 24.838669 39.485725 30.030712
v 23.123001 39.485725 10.420574
v -23.941727 39.485725 14.538210
v 24.838669 26.983753 30.030712
v 24.838669 37.686470 30.030712
v -22.226059 37.686470 34.148346
v -22.226059 26.983753 34.148350
v 23.123001 26.983753 10.420575
v 23.123001 37.686470 10.420574
v 24.838669 37.686470 30.030712
v 24.838669 26.983753 30.030712
v -23.941727 26.983753 14.538211
v -23.941727 37.686470 14.538210
v 23.123001 37.686470 10.420574
v 23.123001 26.983753 10.420575
v -22.226059 26.983753 34.148350
v -22.226059 37.686470 34.148346
v -23.941727 37.686470 14.538210
v -23.941727 26.983753 14.538211
v 24.838669 39.485725 30.030712
v -22.226059 39.485725 34.148346
v -22.226059 37.947571 34.148346
v 24.838669 37.947571 30.030712
v 23.123001 39.485725 10.420574
v 24.838669 39.485725 30.030712
v 24.838669 37.947571 30.030712
v 23.123001 37.947571 10.420574
v -23.941727 39.485725 14.538210
v 23.123001 39.485725 10.420574
v 23.123001 37.947571 10.420574
v -23.941727 37.947571 14.538210
v -22.226059 39.485725 34.148346
v -23.941727 39.485725 14.538210
v -23.941727 37.947571 14.538210
v -22.226059 37.947571 34.148346
v 24.838669 37.686470 30.030712
v 22.746237 37.817020 28.274952
v -20.470301 37.817020 32.055916
v -22.226059 37.686470 34.148346
v 23.123001 37.686470 10.420574
v 21.367243 37.817020 12.513007
v 22.746237 37.817020 28.274952
v 24.838669 37.686470 30.030712
v -23.941727 37.686470 14.538210
v -21.849295 37.817020 16.293970
v 21.367243 37.817020 12.513007
v 23.123001 37.686470 10.420574
v -22.226059 37.686470 34.148346
v -20.470301 37.817020 32.055916
v -21.849295 37.817020 16.293970
v -23.941727 37.686470 14.538210
v -22.226059 37.947571 34.148346
v -20.470301 37.817020 32.055916
v 22.746237 37.817020 28.274952
v 24.838669 37.947571 30.030712
v 24.838669 37.947571 30.030712
v 22.746237 37.817020 28.274952
v 21.367243 37.817020 12.513007
v 23.123001 37.947571 10.420574
v 23.123001 37.947571 10.420574
v 21.367243 37.817020 12.513007
v -21.849295 37.817020 16.293970
v -23.941727 37.947571 14.538210
v -23.941727 37.947571 14.538210
v -21.849295 37.817020 16.293970
v -20.470301 37.817020 32.055916
v -22.226059 37.947571 34.148346
v -6.312569 37.566723 12.033598
v -6.153753 37.566723 13.848868
v -6.153753 27.015516 13.848868
v -6.312569 27.015516 12.033597
v -8.519521 37.566723 12.226681
v -8.519521 27.015516 12.226681
v -8.360704 27.015516 14.041951
v -8.360704 37.566723 14.041951
v -6.312569 37.566723 12.033598
v -6.312569 27.015516 12.033597
v -8.519521 27.015516 12.226681
v -8.519521 37.566723 12.226681
v -6.312569 27.015516 12.033597
v -6.153753 27.015516 13.848868
v -8.360704 27.015516 14.041951
v -8.519521 27.015516 12.226681
v -6.153753 37.566723 13.848868
v -6.312569 37.566723 12.033598
v -8.519521 37.566723 12.226681
v -8.360704 37.566723 14.041951
v 6.062528 37.566723 10.950915
v 6.221344 37.566723 12.766186
v 6.221344 27.015516 12.766186
v 6.062529 27.015516 10.950914
v 3.855577 37.566723 11.143999
v 3.855577 27.015516 11.143999
v 4.014393 27.015516 12.959270
v 4.014393 37.566723 12.959270
v 6.062528 37.566723 10.950915
v 6.062529 27.015516 10.950914
v 3.855577 27.015516 11.143999
v 3.855577 37.566723 11.143999
v 6.062529 27.015516 10.950914
v 6.221344 27.015516 12.766186
v 4.014393 27.015516 12.959270
v 3.855577 27.015516 11.143999
v 6.221344 37.566723 12.766186
v 6.062528 37.566723 10.950915
v 3.855577 37.566723 11.143999
v 4.014393 37.566723 12.959270
v 16.592831 40.106869 30.530891
v 16.592831 38.284660 30.530891
v 14.923532 38.284664 11.450762
v 14.923532 40.106873 11.450762
v 14.385879 40.106869 30.723976
v 12.716579 40.106873 11.643846
v 12.716580 38.284664 11.643846
v 14.385879 38.284660 30.723976
v 16.592831 40.106869 30.530891
v 14.923532 40.106873 11.450762
v 12.716579 40.106873 11.643846
v 14.385879 40.106869 30.723976
v 14.923532 40.106873 11.450762
v 14.923532 38.284664 11.450762
v 12.716580 38.284664 11.643846
v 12.716579 40.106873 11.643846
v 16.592831 38.284660 30.530891
v 16.592831 40.106869 30.530891
v 14.385879 40.106869 30.723976
v 14.385879 38.284660 30.723976
v -12.260823 40.106869 33.055264
v -12.260823 38.284660 33.055264
v -13.930121 38.284664 13.975134
v -13.930121 40.106873 13.975134
v -14.467774 40.106869 33.248344
v -16.137074 40.106873 14.168217
v -16.137072 38.284664 14.168217
v -14.467774 38.284660 33.248344
v -12.260823 40.106869 33.055264
v -13.930121 40.106873 13.975134
v -16.137074 40.106873 14.168217
v -14.467774 40.106869 33.248344
v -13.930121 40.106873 13.975134
v -13.930121 38.284664 13.975134
v -16.137072 38.284664 14.168217
v -16.137074 40.106873 14.168217
v -12.260823 38.284660 33.055264
v -12.260823 40.106869 33.055264
v -14.467774 40.106869 33.248344
v -14.467774 38.284660 33.248344
v 7.924511 37.566723 32.233444
v 7.924512 27.015516 32.233448
v 7.765697 27.015516 30.418177
v 7.765696 37.566723 30.418175
v 5.717561 37.566723 32.426529
v 5.558744 37.566723 30.611259
v 5.558745 27.015516 30.611259
v 5.717561 27.015516 32.426533
v 7.924511 37.566723 32.233444
v 5.717561 37.566723 32.426529
v 5.717561 27.015516 32.426533
v 7.924512 27.015516 32.233448
v 7.924512 27.015516 32.233448
v 5.717561 27.015516 32.426533
v 5.558745 27.015516 30.611259
v 7.765697 27.015516 30.418177
v 7.765696 37.566723 30.418175
v 5.558744 37.566723 30.611259
v 5.717561 37.566723 32.426529
v 7.924511 37.566723 32.233444
v -4.450586 37.566723 33.316128
v -4.450585 27.015516 33.316132
v -4.609401 27.015516 31.500858
v -4.609402 37.566723 31.500858
v -6.657537 37.566723 33.509212
v -6.816353 37.566723 31.693939
v -6.816353 27.015516 31.693943
v -6.657537 27.015516 33.509212
v -4.450586 37.566723 33.316128
v -6.657537 37.566723 33.509212
v -6.657537 27.015516 33.509212
v -4.450585 27.015516 33.316132
v -4.450585 27.015516 33.316132
v -6.657537 27.015516 33.509212
v -6.816353 27.015516 31.693943
v -4.609401 27.015516 31.500858
v -4.609402 37.566723 31.500858
v -6.816353 37.566723 31.693939
v -6.657537 37.566723 33.509212
v -4.450586 37.566723 33.316128
v -16.144827 38.529079 33.526443
v -10.411110 38.529079 33.024811
v -10.442645 38.529079 32.664368
v -16.176361 38.529079 33.166000
v 12.598525 38.529079 31.011723
v 18.332239 38.529079 30.510088
v 18.300705 38.529079 30.149647
v 12.566990 38.529079 30.651281
vn -0.0000 -1.0000 -0.0000
vn -0.0000 1.0000 -0.0000
vn 0.0872 -0.0000 0.9962
vn 0.9962 -0.0000 -0.0872
vn -0.0872 -0.0000 -0.9962
vn -0.9962 -0.0000 0.0872
vn 0.0059 0.9977 0.0672
vn 0.0672 0.9977 -0.0059
vn -0.0059 0.9977 -0.0672
vn -0.0672 0.9977 0.0059
vn 0.0059 -0.9977 0.0672
vn 0.0672 -0.9977 -0.0059
vn -0.0059 -0.9977 -0.0672
vn -0.0672 -0.9977 0.0059
vt 0.000500 0.273303
vt 0.000500 0.544828
vt 0.652164 0.544828
vt 0.652164 0.273303
vt 0.000500 0.272024
vt 0.652164 0.272024
vt 0.652164 0.000500
vt 0.000500 0.000500
vt 0.652164 0.772164
vt 0.652164 0.624537
vt 0.000500 0.624537
vt 0.000500 0.772164
vt 0.926753 0.226557
vt 0.926753 0.078930
vt 0.655228 0.078930
vt 0.655228 0.226557
vt 0.652164 0.999500
vt 0.652164 0.851873
vt 0.000500 0.851873
vt 0.000500 0.999500
vt 0.926753 0.458440
vt 0.926753 0.310813
vt 0.655228 0.310813
vt 0.655228 0.458440
vt 0.652164 0.549919
vt 0.000500 0.549919
vt 0.000500 0.571135
vt 0.652164 0.571135
vt 0.926753 0.004310
vt 0.655228 0.004310
vt 0.655228 0.025526
vt 0.926753 0.025526
vt 0.652164 0.777255
vt 0.000500 0.777255
vt 0.000500 0.798471
vt 0.652164 0.798471
vt 0.926753 0.236193
vt 0.655228 0.236193
vt 0.655228 0.257409
vt 0.926753 0.257409
vt 0.625523 0.597836
vt 0.027141 0.597836
vt 0.900111 0.052228
vt 0.681870 0.052228
vt 0.625523 0.825172
vt 0.027141 0.825172
vt 0.900111 0.284111
vt 0.681870 0.284111
vt 0.766752 0.840349
vt 0.755256 0.828853
vt 0.755256 0.999500
vt 0.766752 0.988004
vt 0.791700 0.840349
vt 0.791700 0.988004
vt 0.803196 0.999500
vt 0.803196 0.828853
vt 0.866780 0.840349
vt 0.855284 0.828853
vt 0.855284 0.999500
vt 0.866780 0.988004
vt 0.891728 0.840349
vt 0.891728 0.988004
vt 0.903224 0.999500
vt 0.903224 0.828853
vt 0.740821 0.988277
vt 0.752044 0.999500
vt 0.752044 0.709280
vt 0.740821 0.720504
vt 0.716466 0.988277
vt 0.716466 0.720504
vt 0.705242 0.709280
vt 0.705242 0.999500
vt 0.690807 0.988277
vt 0.702031 0.999500
vt 0.702031 0.709280
vt 0.690807 0.720504
vt 0.666451 0.988277
vt 0.666452 0.720504
vt 0.655228 0.709280
vt 0.655228 0.999500
vt 0.941742 0.840349
vt 0.941742 0.988004
vt 0.953238 0.999500
vt 0.953238 0.828853
vt 0.916794 0.840349
vt 0.905298 0.828853
vt 0.905298 0.999500
vt 0.916794 0.988004
vt 0.841714 0.840349
vt 0.841714 0.988004
vt 0.853210 0.999500
vt 0.853210 0.828853
vt 0.816766 0.840349
vt 0.805270 0.828853
vt 0.805270 0.999500
vt 0.816766 0.988004
vt 0.129376 1.988804
vt 0.251202 1.988804
vt 0.251202 1.971868
vt 0.129376 1.971868
vt 0.740095 1.988804
vt 0.861922 1.988804
vt 0.861922 1.971868
vt 0.740095 1.971868
s 0
usemtl Material_29
f 2679/1501/307 2680/1502/307 2681/1503/307
f 2679/1501/307 2681/1503/307 2682/1504/307
f 2683/1505/308 2684/1506/308 2685/1507/308
f 2683/1505/308 2685/1507/308 2686/1508/308
f 2687/1509/309 2688/1510/309 2689/1511/309
f 2687/1509/309 2689/1511/309 2690/1512/309
f 2691/1513/310 2692/1514/310 2693/1515/310
f 2691/1513/310 2693/1515/310 2694/1516/310
f 2695/1517/311 2696/1518/311 2697/1519/311
f 2695/1517/311 2697/1519/311 2698/1520/311
f 2699/1521/312 2700/1522/312 2701/1523/312
f 2699/1521/312 2701/1523/312 2702/1524/312
f 2703/1525/309 2704/1526/309 2705/1527/309
f 2703/1525/309 2705/1527/309 2706/1528/309
f 2707/1529/310 2708/1530/310 2709/1531/310
f 2707/1529/310 2709/1531/310 2710/1532/310
f 2711/1533/311 2712/1534/311 2713/1535/311
f 2711/1533/311 2713/1535/311 2714/1536/311
f 2715/1537/312 2716/1538/312 2717/1539/312
f 2715/1537/312 2717/1539/312 2718/1540/312
f 2719/1510/313 2720/1541/313 2721/1542/313
f 2719/1510/313 2721/1542/313 2722/1511/313
f 2723/1514/314 2724/1543/314 2725/1544/314
f 2723/1514/314 2725/1544/314 2726/1515/314
f 2727/1518/315 2728/1545/315 2729/1546/315
f 2727/1518/315 2729/1546/315 2730/1519/315
f 2731/1522/316 2732/1547/316 2733/1548/316
f 2731/1522/316 2733/1548/316 2734/1523/316
f 2735/1527/317 2736/1542/317 2737/1541/317
f 2735/1527/317 2737/1541/317 2738/1528/317
f 2739/1531/318 2740/1544/318 2741/1543/318
f 2739/1531/318 2741/1543/318 2742/1532/318
f 2743/1535/319 2744/1546/319 2745/1545/319
f 2743/1535/319 2745/1545/319 2746/1536/319
f 2747/1539/320 2748/1548/320 2749/1547/320
f 2747/1539/320 2749/1547/320 2750/1540/320
f 2751/1549/310 2752/1550/310 2753/1551/310
f 2751/1549/310 2753/1551/310 2754/1552/310
f 2755/1553/312 2756/1554/312 2757/1555/312
f 2755/1553/312 2757/1555/312 2758/1556/312
f 2759/1549/311 2760/1552/311 2761/1554/311
f 2759/1549/311 2761/1554/311 2762/1553/311
f 2763/1552/307 2764/1551/307 2765/1555/307
f 2763/1552/307 2765/1555/307 2766/1554/307
f 2767/1550/308 2768/1549/308 2769/1553/308
f 2767/1550/308 2769/1553/308 2770/1556/308
f 2771/1557/310 2772/1558/310 2773/1559/310
f 2771/1557/310 2773/1559/310 2774/1560/310
f 2775/1561/312 2776/1562/312 2777/1563/312
f 2775/1561/312 2777/1563/312 2778/1564/312
f 2779/1557/311 2780/1560/311 2781/1562/311
f 2779/1557/311 2781/1562/311 2782/1561/311
f 2783/1560/307 2784/1559/307 2785/1563/307
f 2783/1560/307 2785/1563/307 2786/1562/307
f 2787/1558/308 2788/1557/308 2789/1561/308
f 2787/1558/308 2789/1561/308 2790/1564/308
f 2791/1565/310 2792/1566/310 2793/1567/310
f 2791/1565/310 2793/1567/310 2794/1568/310
f 2795/1569/312 2796/1570/312 2797/1571/312
f 2795/1569/312 2797/1571/312 2798/1572/312
f 2799/1565/308 2800/1568/308 2801/1570/308
f 2799/1565/308 2801/1570/308 2802/1569/308
f 2803/1568/311 2804/1567/311 2805/1571/311
f 2803/1568/311 2805/1571/311 2806/1570/311
f 2807/1566/309 2808/1565/309 2809/1569/309
f 2807/1566/309 2809/1569/309 2810/1572/309
f 2811/1573/310 2812/1574/310 2813/1575/310
f 2811/1573/310 2813/1575/310 2814/1576/310
f 2815/1577/312 2816/1578/312 2817/1579/312
f 2815/1577/312 2817/1579/312 2818/1580/312
f 2819/1573/308 2820/1576/308 2821/1578/308
f 2819/1573/308 2821/1578/308 2822/1577/308
f 2823/1576/311 2824/1575/311 2825/1579/311
f 2823/1576/311 2825/1579/311 2826/1578/311
f 2827/1574/309 2828/1573/309 2829/1577/309
f 2827/1574/309 2829/1577/309 2830/1580/309
f 2831/1581/310 2832/1582/310 2833/1583/310
f 2831/1581/310 2833/1583/310 2834/1584/310
f 2835/1585/312 2836/1586/312 2837/1587/312
f 2835/1585/312 2837/1587/312 2838/1588/312
f 2839/1581/309 2840/1585/309 2841/1588/309
f 2839/1581/309 2841/1588/309 2842/1582/309
f 2843/1582/307 2844/1588/307 2845/1587/307
f 2843/1582/307 2845/1587/307 2846/1583/307
f 2847/1584/308 2848/1586/308 2849/1585/308
f 2847/1584/308 2849/1585/308 2850/1581/308
f 2851/1589/310 2852/1590/310 2853/1591/310
f 2851/1589/310 2853/1591/310 2854/1592/310
f 2855/1593/312 2856/1594/312 2857/1595/312
f 2855/1593/312 2857/1595/312 2858/1596/312
f 2859/1589/309 2860/1593/309 2861/1596/309
f 2859/1589/309 2861/1596/309 2862/1590/309
f 2863/1590/307 2864/1596/307 2865/1595/307
f 2863/1590/307 2865/1595/307 2866/1591/307
f 2867/1592/308 2868/1594/308 2869/1593/308
f 2867/1592/308 2869/1593/308 2870/1589/308
f 2871/1597/308 2872/1598/308 2873/1599/308
f 2871/1597/308 2873/1599/308 2874/1600/308
f 2875/1601/308 2876/1602/308 2877/1603/308
f 2875/1601/308 2877/1603/308 2878/1604/308
o             _       .022
v -24.170099 26.983753 11.927855
v -25.885767 26.983753 -7.682282
v 21.178961 26.983753 -11.799918
v 22.894629 26.983753 7.810220
v -24.170099 39.485725 11.927855
v 22.894629 39.485725 7.810218
v 21.178961 39.485725 -11.799919
v -25.885767 39.485725 -7.682283
v 22.894629 26.983753 7.810220
v 22.894629 37.686470 7.810219
v -24.170099 37.686470 11.927855
v -24.170099 26.983753 11.927855
v 21.178961 26.983753 -11.799918
v 21.178961 37.686470 -11.799919
v 22.894629 37.686470 7.810219
v 22.894629 26.983753 7.810220
v -25.885767 26.983753 -7.682282
v -25.885767 37.686470 -7.682283
v 21.178961 37.686470 -11.799919
v 21.178961 26.983753 -11.799918
v -24.170099 26.983753 11.927855
v -24.170099 37.686470 11.927855
v -25.885767 37.686470 -7.682283
v -25.885767 26.983753 -7.682282
v 22.894629 39.485725 7.810218
v -24.170099 39.485725 11.927855
v -24.170099 37.947571 11.927855
v 22.894629 37.947571 7.810219
v 21.178961 39.485725 -11.799919
v 22.894629 39.485725 7.810218
v 22.894629 37.947571 7.810219
v 21.178961 37.947571 -11.799919
v -25.885767 39.485725 -7.682283
v 21.178961 39.485725 -11.799919
v 21.178961 37.947571 -11.799919
v -25.885767 37.947571 -7.682283
v -24.170099 39.485725 11.927855
v -25.885767 39.485725 -7.682283
v -25.885767 37.947571 -7.682283
v -24.170099 37.947571 11.927855
v 22.894629 37.686470 7.810219
v 20.802197 37.817020 6.054459
v -22.414341 37.817020 9.835422
v -24.170099 37.686470 11.927855
v 21.178961 37.686470 -11.799919
v 19.423203 37.817020 -9.707486
v 20.802197 37.817020 6.054459
v 22.894629 37.686470 7.810219
v -25.885767 37.686470 -7.682283
v -23.793335 37.817020 -5.926524
v 19.423203 37.817020 -9.707486
v 21.178961 37.686470 -11.799919
v -24.170099 37.686470 11.927855
v -22.414341 37.817020 9.835422
v -23.793335 37.817020 -5.926524
v -25.885767 37.686470 -7.682283
v -24.170099 37.947571 11.927855
v -22.414341 37.817020 9.835422
v 20.802197 37.817020 6.054459
v 22.894629 37.947571 7.810219
v 22.894629 37.947571 7.810219
v 20.802197 37.817020 6.054459
v 19.423203 37.817020 -9.707486
v 21.178961 37.947571 -11.799919
v 21.178961 37.947571 -11.799919
v 19.423203 37.817020 -9.707486
v -23.793335 37.817020 -5.926524
v -25.885767 37.947571 -7.682283
v -25.885767 37.947571 -7.682283
v -23.793335 37.817020 -5.926524
v -22.414341 37.817020 9.835422
v -24.170099 37.947571 11.927855
v -8.256610 37.566723 -10.186895
v -8.097794 37.566723 -8.371625
v -8.097794 27.015516 -8.371625
v -8.256609 27.015516 -10.186896
v -10.463562 37.566723 -9.993813
v -10.463562 27.015516 -9.993813
v -10.304745 27.015516 -8.178542
v -10.304745 37.566723 -8.178542
v -8.256610 37.566723 -10.186895
v -8.256609 27.015516 -10.186896
v -10.463562 27.015516 -9.993813
v -10.463562 37.566723 -9.993813
v -8.256609 27.015516 -10.186896
v -8.097794 27.015516 -8.371625
v -10.304745 27.015516 -8.178542
v -10.463562 27.015516 -9.993813
v -8.097794 37.566723 -8.371625
v -8.256610 37.566723 -10.186895
v -10.463562 37.566723 -9.993813
v -10.304745 37.566723 -8.178542
v 4.118487 37.566723 -11.269578
v 4.277303 37.566723 -9.454308
v 4.277304 27.015516 -9.454308
v 4.118488 27.015516 -11.269579
v 1.911536 37.566723 -11.076494
v 1.911536 27.015516 -11.076494
v 2.070352 27.015516 -9.261224
v 2.070352 37.566723 -9.261224
v 4.118487 37.566723 -11.269578
v 4.118488 27.015516 -11.269579
v 1.911536 27.015516 -11.076494
v 1.911536 37.566723 -11.076494
v 4.118488 27.015516 -11.269579
v 4.277304 27.015516 -9.454308
v 2.070352 27.015516 -9.261224
v 1.911536 27.015516 -11.076494
v 4.277303 37.566723 -9.454308
v 4.118487 37.566723 -11.269578
v 1.911536 37.566723 -11.076494
v 2.070352 37.566723 -9.261224
v 14.648790 40.106869 8.310398
v 14.648790 38.284660 8.310398
v 12.979490 38.284664 -10.769732
v 12.979490 40.106873 -10.769732
v 12.441837 40.106869 8.503482
v 10.772539 40.106873 -10.576648
v 10.772539 38.284664 -10.576648
v 12.441837 38.284660 8.503482
v 14.648790 40.106869 8.310398
v 12.979490 40.106873 -10.769732
v 10.772539 40.106873 -10.576648
v 12.441837 40.106869 8.503482
v 12.979490 40.106873 -10.769732
v 12.979490 38.284664 -10.769732
v 10.772539 38.284664 -10.576648
v 10.772539 40.106873 -10.576648
v 14.648790 38.284660 8.310398
v 14.648790 40.106869 8.310398
v 12.441837 40.106869 8.503482
v 12.441837 38.284660 8.503482
v -14.204865 40.106869 10.834770
v -14.204865 38.284660 10.834770
v -15.874163 38.284664 -8.245359
v -15.874163 40.106873 -8.245359
v -16.411816 40.106869 11.027853
v -18.081114 40.106873 -8.052277
v -18.081112 38.284664 -8.052277
v -16.411816 38.284660 11.027853
v -14.204865 40.106869 10.834770
v -15.874163 40.106873 -8.245359
v -18.081114 40.106873 -8.052277
v -16.411816 40.106869 11.027853
v -15.874163 40.106873 -8.245359
v -15.874163 38.284664 -8.245359
v -18.081112 38.284664 -8.052277
v -18.081114 40.106873 -8.052277
v -14.204865 38.284660 10.834770
v -14.204865 40.106869 10.834770
v -16.411816 40.106869 11.027853
v -16.411816 38.284660 11.027853
v 5.980470 37.566723 10.012952
v 5.980471 27.015516 10.012954
v 5.821656 27.015516 8.197683
v 5.821655 37.566723 8.197681
v 3.773520 37.566723 10.206037
v 3.614704 37.566723 8.390765
v 3.614704 27.015516 8.390767
v 3.773520 27.015516 10.206038
v 5.980470 37.566723 10.012952
v 3.773520 37.566723 10.206037
v 3.773520 27.015516 10.206038
v 5.980471 27.015516 10.012954
v 5.980471 27.015516 10.012954
v 3.773520 27.015516 10.206038
v 3.614704 27.015516 8.390767
v 5.821656 27.015516 8.197683
v 5.821655 37.566723 8.197681
v 3.614704 37.566723 8.390765
v 3.773520 37.566723 10.206037
v 5.980470 37.566723 10.012952
v -6.394627 37.566723 11.095634
v -6.394626 27.015516 11.095636
v -6.553442 27.015516 9.280366
v -6.553442 37.566723 9.280364
v -8.601578 37.566723 11.288718
v -8.760394 37.566723 9.473447
v -8.760393 27.015516 9.473449
v -8.601578 27.015516 11.288720
v -6.394627 37.566723 11.095634
v -8.601578 37.566723 11.288718
v -8.601578 27.015516 11.288720
v -6.394626 27.015516 11.095636
v -6.394626 27.015516 11.095636
v -8.601578 27.015516 11.288720
v -8.760393 27.015516 9.473449
v -6.553442 27.015516 9.280366
v -6.553442 37.566723 9.280364
v -8.760394 37.566723 9.473447
v -8.601578 37.566723 11.288718
v -6.394627 37.566723 11.095634
v -18.088867 38.529079 11.305951
v -12.355150 38.529079 10.804316
v -12.386686 38.529079 10.443873
v -18.120401 38.529079 10.945509
v 10.654484 38.529079 8.791230
v 16.388199 38.529079 8.289595
v 16.356665 38.529079 7.929152
v 10.622950 38.529079 8.430788
vn -0.0000 -1.0000 -0.0000
vn -0.0000 1.0000 -0.0000
vn 0.0872 -0.0000 0.9962
vn 0.9962 -0.0000 -0.0872
vn -0.0872 -0.0000 -0.9962
vn -0.9962 -0.0000 0.0872
vn 0.0059 0.9977 0.0672
vn 0.0672 0.9977 -0.0059
vn -0.0059 0.9977 -0.0672
vn -0.0672 0.9977 0.0059
vn 0.0059 -0.9977 0.0672
vn 0.0672 -0.9977 -0.0059
vn -0.0059 -0.9977 -0.0672
vn -0.0672 -0.9977 0.0059
vt 0.000500 0.273303
vt 0.000500 0.544828
vt 0.652164 0.544828
vt 0.652164 0.273303
vt 0.000500 0.272024
vt 0.652164 0.272024
vt 0.652164 0.000500
vt 0.000500 0.000500
vt 0.652164 0.772164
vt 0.652164 0.624537
vt 0.000500 0.624537
vt 0.000500 0.772164
vt 0.926753 0.226557
vt 0.926753 0.078930
vt 0.655228 0.078930
vt 0.655228 0.226557
vt 0.652164 0.999500
vt 0.652164 0.851873
vt 0.000500 0.851873
vt 0.000500 0.999500
vt 0.926753 0.458440
vt 0.926753 0.310813
vt 0.655228 0.310813
vt 0.655228 0.458440
vt 0.652164 0.549919
vt 0.000500 0.549919
vt 0.000500 0.571135
vt 0.652164 0.571135
vt 0.926753 0.004310
vt 0.655228 0.004310
vt 0.655228 0.025526
vt 0.926753 0.025526
vt 0.652164 0.777255
vt 0.000500 0.777255
vt 0.000500 0.798471
vt 0.652164 0.798471
vt 0.926753 0.236193
vt 0.655228 0.236193
vt 0.655228 0.257409
vt 0.926753 0.257409
vt 0.625523 0.597836
vt 0.027141 0.597836
vt 0.900111 0.052228
vt 0.681870 0.052228
vt 0.625523 0.825172
vt 0.027141 0.825172
vt 0.900111 0.284111
vt 0.681870 0.284111
vt 0.766752 0.840349
vt 0.755256 0.828853
vt 0.755256 0.999500
vt 0.766752 0.988004
vt 0.791700 0.840349
vt 0.791700 0.988004
vt 0.803196 0.999500
vt 0.803196 0.828853
vt 0.866780 0.840349
vt 0.855284 0.828853
vt 0.855284 0.999500
vt 0.866780 0.988004
vt 0.891728 0.840349
vt 0.891728 0.988004
vt 0.903224 0.999500
vt 0.903224 0.828853
vt 0.740821 0.988277
vt 0.752044 0.999500
vt 0.752044 0.709280
vt 0.740821 0.720504
vt 0.716466 0.988277
vt 0.716466 0.720504
vt 0.705242 0.709280
vt 0.705242 0.999500
vt 0.690807 0.988277
vt 0.702031 0.999500
vt 0.702031 0.709280
vt 0.690807 0.720504
vt 0.666451 0.988277
vt 0.666452 0.720504
vt 0.655228 0.709280
vt 0.655228 0.999500
vt 0.941742 0.840349
vt 0.941742 0.988004
vt 0.953238 0.999500
vt 0.953238 0.828853
vt 0.916794 0.840349
vt 0.905298 0.828853
vt 0.905298 0.999500
vt 0.916794 0.988004
vt 0.841714 0.840349
vt 0.841714 0.988004
vt 0.853210 0.999500
vt 0.853210 0.828853
vt 0.816766 0.840349
vt 0.805270 0.828853
vt 0.805270 0.999500
vt 0.816766 0.988004
vt 0.129376 1.988804
vt 0.251202 1.988804
vt 0.251202 1.971868
vt 0.129376 1.971868
vt 0.740095 1.988804
vt 0.861922 1.988804
vt 0.861922 1.971868
vt 0.740095 1.971868
s 0
usemtl Material_29
f 2879/1605/321 2880/1606/321 2881/1607/321
f 2879/1605/321 2881/1607/321 2882/1608/321
f 2883/1609/322 2884/1610/322 2885/1611/322
f 2883/1609/322 2885/1611/322 2886/1612/322
f 2887/1613/323 2888/1614/323 2889/1615/323
f 2887/1613/323 2889/1615/323 2890/1616/323
f 2891/1617/324 2892/1618/324 2893/1619/324
f 2891/1617/324 2893/1619/324 2894/1620/324
f 2895/1621/325 2896/1622/325 2897/1623/325
f 2895/1621/325 2897/1623/325 2898/1624/325
f 2899/1625/326 2900/1626/326 2901/1627/326
f 2899/1625/326 2901/1627/326 2902/1628/326
f 2903/1629/323 2904/1630/323 2905/1631/323
f 2903/1629/323 2905/1631/323 2906/1632/323
f 2907/1633/324 2908/1634/324 2909/1635/324
f 2907/1633/324 2909/1635/324 2910/1636/324
f 2911/1637/325 2912/1638/325 2913/1639/325
f 2911/1637/325 2913/1639/325 2914/1640/325
f 2915/1641/326 2916/1642/326 2917/1643/326
f 2915/1641/326 2917/1643/326 2918/1644/326
f 2919/1614/327 2920/1645/327 2921/1646/327
f 2919/1614/327 2921/1646/327 2922/1615/327
f 2923/1618/328 2924/1647/328 2925/1648/328
f 2923/1618/328 2925/1648/328 2926/1619/328
f 2927/1622/329 2928/1649/329 2929/1650/329
f 2927/1622/329 2929/1650/329 2930/1623/329
f 2931/1626/330 2932/1651/330 2933/1652/330
f 2931/1626/330 2933/1652/330 2934/1627/330
f 2935/1631/331 2936/1646/331 2937/1645/331
f 2935/1631/331 2937/1645/331 2938/1632/331
f 2939/1635/332 2940/1648/332 2941/1647/332
f 2939/1635/332 2941/1647/332 2942/1636/332
f 2943/1639/333 2944/1650/333 2945/1649/333
f 2943/1639/333 2945/1649/333 2946/1640/333
f 2947/1643/334 2948/1652/334 2949/1651/334
f 2947/1643/334 2949/1651/334 2950/1644/334
f 2951/1653/324 2952/1654/324 2953/1655/324
f 2951/1653/324 2953/1655/324 2954/1656/324
f 2955/1657/326 2956/1658/326 2957/1659/326
f 2955/1657/326 2957/1659/326 2958/1660/326
f 2959/1653/325 2960/1656/325 2961/1658/325
f 2959/1653/325 2961/1658/325 2962/1657/325
f 2963/1656/321 2964/1655/321 2965/1659/321
f 2963/1656/321 2965/1659/321 2966/1658/321
f 2967/1654/322 2968/1653/322 2969/1657/322
f 2967/1654/322 2969/1657/322 2970/1660/322
f 2971/1661/324 2972/1662/324 2973/1663/324
f 2971/1661/324 2973/1663/324 2974/1664/324
f 2975/1665/326 2976/1666/326 2977/1667/326
f 2975/1665/326 2977/1667/326 2978/1668/326
f 2979/1661/325 2980/1664/325 2981/1666/325
f 2979/1661/325 2981/1666/325 2982/1665/325
f 2983/1664/321 2984/1663/321 2985/1667/321
f 2983/1664/321 2985/1667/321 2986/1666/321
f 2987/1662/322 2988/1661/322 2989/1665/322
f 2987/1662/322 2989/1665/322 2990/1668/322
f 2991/1669/324 2992/1670/324 2993/1671/324
f 2991/1669/324 2993/1671/324 2994/1672/324
f 2995/1673/326 2996/1674/326 2997/1675/326
f 2995/1673/326 2997/1675/326 2998/1676/326
f 2999/1669/322 3000/1672/322 3001/1674/322
f 2999/1669/322 3001/1674/322 3002/1673/322
f 3003/1672/325 3004/1671/325 3005/1675/325
f 3003/1672/325 3005/1675/325 3006/1674/325
f 3007/1670/323 3008/1669/323 3009/1673/323
f 3007/1670/323 3009/1673/323 3010/1676/323
f 3011/1677/324 3012/1678/324 3013/1679/324
f 3011/1677/324 3013/1679/324 3014/1680/324
f 3015/1681/326 3016/1682/326 3017/1683/326
f 3015/1681/326 3017/1683/326 3018/1684/326
f 3019/1677/322 3020/1680/322 3021/1682/322
f 3019/1677/322 3021/1682/322 3022/1681/322
f 3023/1680/325 3024/1679/325 3025/1683/325
f 3023/1680/325 3025/1683/325 3026/1682/325
f 3027/1678/323 3028/1677/323 3029/1681/323
f 3027/1678/323 3029/1681/323 3030/1684/323
f 3031/1685/324 3032/1686/324 3033/1687/324
f 3031/1685/324 3033/1687/324 3034/1688/324
f 3035/1689/326 3036/1690/326 3037/1691/326
f 3035/1689/326 3037/1691/326 3038/1692/326
f 3039/1685/323 3040/1689/323 3041/1692/323
f 3039/1685/323 3041/1692/323 3042/1686/323
f 3043/1686/321 3044/1692/321 3045/1691/321
f 3043/1686/321 3045/1691/321 3046/1687/321
f 3047/1688/322 3048/1690/322 3049/1689/322
f 3047/1688/322 3049/1689/322 3050/1685/322
f 3051/1693/324 3052/1694/324 3053/1695/324
f 3051/1693/324 3053/1695/324 3054/1696/324
f 3055/1697/326 3056/1698/326 3057/1699/326
f 3055/1697/326 3057/1699/326 3058/1700/326
f 3059/1693/323 3060/1697/323 3061/1700/323
f 3059/1693/323 3061/1700/323 3062/1694/323
f 3063/1694/321 3064/1700/321 3065/1699/321
f 3063/1694/321 3065/1699/321 3066/1695/321
f 3067/1696/322 3068/1698/322 3069/1697/322
f 3067/1696/322 3069/1697/322 3070/1693/322
f 3071/1701/322 3072/1702/322 3073/1703/322
f 3071/1701/322 3073/1703/322 3074/1704/322
f 3075/1705/322 3076/1706/322 3077/1707/322
f 3075/1705/322 3077/1707/322 3078/1708/322
o Plane001_Material_#33_0
v -31.995106 26.879374 -11.245056
v -73.940170 26.879372 -8.634834
v -73.940170 26.879368 32.593853
v -39.245789 26.879368 32.626320
v -27.221172 -1.179543 -12.273628
v -73.940170 5.447887 -12.273628
v -73.940170 25.718292 -9.985643
v -31.720829 25.707081 -12.457396
v -73.737038 8.948454 34.393715
v -47.111099 8.948454 34.393715
v -39.916275 25.774174 33.796394
v -73.940170 25.705343 33.798157
v -31.842728 26.749119 -11.887283
v -73.940170 26.750364 -9.306881
v -73.940170 26.748920 33.249622
v -39.442188 26.756567 33.263855
v -31.842728 26.749119 -11.887283
v -31.751305 26.358355 -12.291397
v -73.940170 26.363337 -9.757151
v -73.940170 26.750364 -9.306881
v -31.751305 26.358355 -12.291397
v -73.940170 26.363337 -9.757151
v -73.940170 26.748920 33.249622
v -73.940170 26.357578 33.651054
v -39.665680 26.388170 33.653877
v -39.442188 26.756567 33.263855
v -73.940170 26.357578 33.651054
v -39.665680 26.388170 33.653877
vn -0.0070 0.9935 -0.1136
vn -0.0058 0.9956 -0.0940
vn -0.0001 0.9953 0.0964
vn -0.0001 0.9966 0.0819
vn -0.0246 0.0422 -0.9988
vn -0.0246 0.0423 -0.9988
vn -0.0411 0.1682 -0.9849
vn -0.0398 0.1585 -0.9866
vn -0.0000 0.0355 0.9994
vn -0.0002 0.1536 0.9881
vn -0.0002 0.1301 0.9915
vn -0.0120 0.9808 -0.1949
vn -0.0002 0.9814 0.1921
vn -0.0409 0.7367 -0.6750
vn -0.0566 0.2895 -0.9555
vn -0.0006 0.7215 0.6924
vn -0.0003 0.2230 0.9748
vt -1.265900 1.397802
vt 0.328012 1.345598
vt 0.328012 0.521024
vt -0.990374 0.520375
vt -1.447310 1.503738
vt 0.328012 1.371189
vt 0.328012 0.965781
vt -1.276323 0.966005
vt 0.059707 1.301178
vt 1.071492 1.301178
vt 1.344896 0.964663
vt 0.051988 0.966040
vt -1.271691 1.410646
vt 0.328012 1.359039
vt 0.328012 0.507909
vt -0.982911 0.507624
vt -1.275165 1.418729
vt 0.328012 1.368044
vt -1.275165 0.952980
vt 0.328012 0.952880
vt 0.328012 0.499880
vt -0.974418 0.499823
vt 0.051988 0.952995
vt 1.354418 0.952383
s 1
usemtl Material_33
f 3079/1709/335 3080/1710/336 3081/1711/337
f 3079/1709/335 3081/1711/337 3082/1712/338
f 3083/1713/339 3084/1714/340 3085/1715/341
f 3083/1713/339 3085/1715/341 3086/1716/342
f 3087/1717/343 3088/1718/343 3089/1719/344
f 3087/1717/343 3089/1719/344 3090/1720/345
f 3079/1709/335 3091/1721/346 3092/1722/346
f 3079/1709/335 3092/1722/346 3080/1710/336
f 3081/1711/337 3093/1723/347 3094/1724/347
f 3081/1711/337 3094/1724/347 3082/1712/338
f 3095/1721/348 3096/1725/348 3097/1726/348
f 3095/1721/348 3097/1726/348 3098/1722/348
f 3099/1727/349 3086/1716/342 3085/1715/341
f 3099/1727/349 3085/1715/341 3100/1728/349
f 3101/1723/350 3102/1729/350 3103/1730/350
f 3101/1723/350 3103/1730/350 3104/1724/350
f 3105/1731/351 3090/1720/345 3089/1719/344
f 3105/1731/351 3089/1719/344 3106/1732/351
